weight,height,color,no_of_wheels
1484,116,red,4
993,159,red,2
1684,125,blue,2
2397,85,black,4
870,180,green,2
1559,88,blue,2
1695,81,yellow,2
1047,52,red,2
1599,160,white,4
1116,112,green,2
2198,111,yellow,4
1716,147,yellow,2
2043,79,white,4
1880,140,yellow,4
1761,167,blue,2
1976,121,yellow,4
1144,145,green,2
2220,108,blue,4
2010,69,black,4
2235,130,white,4
1091,53,blue,2
889,67,black,2
2190,89,green,4
1322,170,blue,4
1601,128,black,4
2217,126,white,4
1074,117,white,2
1471,157,green,2
1083,75,red,2
2259,114,yellow,4
2372,90,red,4
1421,78,yellow,4
1754,97,yellow,2
1524,81,white,4
1915,141,blue,4
2422,121,black,4
1653,68,black,4
2329,74,green,4
890,107,black,2
2254,85,black,4
1862,62,yellow,4
2012,53,red,4
1562,160,white,2
872,69,red,2
1088,142,black,2
1386,72,black,2
1569,51,white,2
2475,88,blue,4
878,141,black,2
2409,107,blue,4
2480,84,black,4
2302,170,yellow,4
811,82,yellow,2
1541,54,blue,2
954,110,red,2
1822,88,yellow,4
1756,133,black,2
2075,143,red,4
1487,64,green,2
1817,59,yellow,4
2192,100,green,4
2366,59,black,4
1184,71,yellow,2
1727,74,black,2
1674,106,blue,2
851,166,white,2
1104,180,blue,2
998,75,red,2
1879,165,green,4
1302,121,black,4
1988,169,white,4
1613,164,white,2
818,104,blue,2
2118,91,black,4
1693,64,white,2
2019,162,green,4
1763,65,white,2
2138,149,red,4
1257,123,blue,4
1347,102,blue,2
2317,107,white,4
2379,159,yellow,4
1971,57,blue,4
1118,170,yellow,2
1663,75,red,2
2243,92,green,4
1399,100,white,4
1140,154,blue,2
1218,157,green,4
1708,138,black,2
1607,112,white,2
1738,60,red,4
1445,180,red,2
1587,161,white,4
1361,133,green,4
2439,51,white,4
1820,50,blue,4
2204,86,green,4
1077,177,white,2
1809,70,blue,4
1343,146,green,2
2035,147,blue,4
1771,69,red,2
2282,53,black,4
1077,62,yellow,2
1052,112,blue,2
2336,118,black,4
2015,145,white,4
1348,117,green,2
1164,157,green,2
1961,82,white,4
1556,146,green,4
996,140,white,2
1746,174,white,4
2472,76,red,4
1629,89,blue,4
1163,98,green,2
1453,75,white,4
2169,126,green,4
1268,55,green,4
2221,163,blue,4
2292,152,blue,4
1415,175,black,4
2321,51,yellow,4
1394,127,black,4
1315,157,white,4
1237,88,black,4
1829,72,white,4
1702,170,blue,2
1221,100,white,4
1991,108,black,4
2032,175,yellow,4
1088,155,green,2
1525,138,white,4
2443,158,yellow,4
1499,150,green,2
2435,165,yellow,4
1413,72,green,4
1419,60,blue,4
1902,146,black,4
2420,68,blue,4
1449,71,green,4
1037,74,black,2
2215,178,blue,4
1219,51,blue,4
1033,92,black,2
1469,69,red,4
1485,160,yellow,2
822,93,green,2
861,162,blue,2
2312,96,red,4
2039,166,black,4
1915,154,blue,4
1063,117,white,2
2023,68,white,4
1191,156,red,2
1934,52,yellow,4
1777,67,red,2
2033,79,yellow,4
2381,106,white,4
1470,100,red,2
2163,140,blue,4
873,137,white,2
2078,155,blue,4
1585,90,green,2
1377,134,green,4
876,134,white,2
2360,178,blue,4
1658,113,blue,4
1280,108,blue,2
1324,142,red,2
1466,116,green,2
861,119,red,2
1266,108,black,2
1759,55,white,2
2237,68,black,4
1267,54,green,4
1427,63,red,2
1426,162,red,4
1855,94,red,4
2239,137,red,4
1046,72,blue,2
2100,83,blue,4
2097,77,black,4
1278,51,red,4
2274,107,green,4
1329,69,green,2
1831,127,white,4
1547,135,black,4
2500,101,white,4
1162,141,blue,2
2484,155,yellow,4
1465,112,blue,2
2461,73,yellow,4
1275,103,black,4
1177,112,black,2
1307,104,white,4
1460,93,black,4
848,173,white,2
1212,95,white,2
1640,63,yellow,2
995,143,red,2
834,127,blue,2
2170,120,black,4
1818,108,yellow,4
1999,133,white,4
1749,56,white,2
1085,110,yellow,2
1165,97,yellow,2
1602,133,white,4
1026,56,white,2
976,145,black,2
2202,154,green,4
1097,76,green,2
869,165,yellow,2
865,86,yellow,2
1546,102,black,4
1061,84,white,2
1514,140,green,2
957,96,green,2
1806,161,red,4
1432,86,yellow,2
1616,161,red,4
1647,154,green,4
2224,99,blue,4
2490,91,blue,4
2077,156,blue,4
1602,169,black,4
1276,80,black,2
2383,118,red,4
974,153,green,2
905,89,yellow,2
1936,112,green,4
2019,147,yellow,4
1307,77,white,4
1515,89,black,4
1022,134,black,2
1703,138,black,4
1480,96,yellow,2
1939,131,black,4
1007,55,yellow,2
930,150,green,2
1889,58,black,4
2286,108,blue,4
994,62,red,2
1427,177,yellow,4
2283,84,yellow,4
2209,62,yellow,4
1931,172,green,4
1393,71,white,4
1518,106,yellow,4
1431,175,yellow,2
2431,119,blue,4
1502,73,blue,4
2477,57,white,4
1319,170,white,2
1404,87,red,2
1960,126,red,4
1528,89,red,4
938,121,black,2
2219,120,white,4
1087,81,white,2
2018,173,blue,4
1200,104,green,2
1673,94,black,4
1617,130,green,2
1136,66,yellow,2
1790,136,white,4
1359,115,green,2
2473,126,green,4
1103,175,white,2
1071,153,red,2
996,127,black,2
2272,178,black,4
820,138,blue,2
1138,75,blue,2
2413,175,yellow,4
1566,176,blue,2
1671,133,yellow,2
1764,126,black,2
2386,80,white,4
1961,173,yellow,4
840,154,white,2
2195,104,blue,4
1130,80,yellow,2
1721,143,green,2
2024,172,red,4
955,144,green,2
1819,132,white,4
1300,54,black,4
1463,71,yellow,4
1036,140,red,2
2196,142,yellow,4
1511,110,red,2
1763,134,black,4
2492,78,green,4
1494,179,yellow,2
1260,125,blue,4
1000,114,blue,2
2298,145,white,4
1871,107,blue,4
1050,161,blue,2
1072,157,green,2
2411,62,red,4
1773,82,green,4
1545,67,red,2
1694,129,yellow,2
1708,105,white,2
1360,161,white,4
1740,162,blue,4
1408,71,blue,4
1763,171,red,2
2419,82,yellow,4
1977,63,blue,4
1903,103,yellow,4
2046,121,white,4
1483,176,green,4
2479,86,black,4
1796,180,blue,4
2273,158,red,4
2386,89,blue,4
1600,82,white,4
1645,79,yellow,4
1052,128,blue,2
2082,123,yellow,4
2243,85,white,4
1554,172,yellow,2
2015,127,blue,4
2006,168,red,4
1465,149,red,4
2472,92,yellow,4
1034,119,yellow,2
1059,110,yellow,2
1257,172,yellow,2
2414,109,yellow,4
1945,94,green,4
977,80,blue,2
843,64,green,2
1297,54,white,2
1640,180,green,2
1984,171,yellow,4
1704,159,black,2
2217,167,white,4
2056,171,blue,4
1251,92,green,2
1148,150,blue,2
1261,76,yellow,4
1727,103,yellow,4
1285,69,blue,4
1308,58,blue,4
2040,180,yellow,4
1703,103,white,4
1448,147,black,4
2282,58,red,4
979,59,white,2
1054,71,blue,2
2422,172,white,4
1201,138,red,4
1269,153,black,2
1301,90,green,2
1910,79,green,4
2223,69,blue,4
1939,64,black,4
1727,135,yellow,4
2146,88,blue,4
1368,160,black,4
2005,76,blue,4
1708,107,green,2
2016,59,black,4
954,162,yellow,2
2291,68,black,4
1889,179,red,4
2126,94,black,4
2261,86,red,4
1902,86,white,4
1940,128,red,4
1638,73,black,4
1323,90,green,4
1994,91,yellow,4
1448,165,black,4
1503,71,blue,2
1522,125,white,2
2142,131,black,4
1738,100,green,2
1507,119,black,4
1805,174,black,4
2309,173,green,4
2318,148,blue,4
2084,132,yellow,4
2406,50,black,4
1466,61,white,2
1818,75,blue,4
1797,79,blue,2
987,73,white,2
2315,128,yellow,4
2124,85,black,4
1669,144,red,2
2380,82,blue,4
1572,147,yellow,2
1176,154,yellow,2
2006,72,black,4
2031,98,yellow,4
1360,59,blue,4
1939,62,red,4
1751,112,blue,2
1015,127,black,2
2221,69,red,4
2307,82,yellow,4
1372,102,green,4
2353,149,yellow,4
1898,136,black,4
1076,56,blue,2
1925,117,black,4
1203,166,white,2
1471,65,red,2
1933,145,yellow,4
1009,72,black,2
1781,59,blue,2
1708,93,black,4
2361,131,blue,4
810,133,yellow,2
2294,133,white,4
822,51,black,2
2352,146,yellow,4
1755,56,white,4
2309,124,black,4
1008,145,blue,2
1806,123,green,4
1661,145,white,2
1853,142,red,4
1300,83,white,2
2328,102,red,4
2093,82,green,4
2324,67,green,4
897,138,yellow,2
1421,73,black,2
2223,83,black,4
1600,72,green,4
1542,155,black,2
1025,156,green,2
1094,111,white,2
1571,92,green,2
1761,79,blue,2
1561,125,black,4
2032,95,blue,4
1611,152,green,4
1826,158,black,4
1260,74,white,2
1118,51,black,2
1583,54,green,2
2047,140,blue,4
1628,85,green,4
2241,101,black,4
1613,112,blue,2
1685,94,blue,2
1061,137,white,2
814,56,white,2
1166,119,yellow,2
895,146,yellow,2
2205,163,red,4
2241,134,white,4
1236,107,green,4
1300,172,black,4
1793,155,white,4
1849,180,white,4
1177,122,black,2
1964,140,green,4
2485,76,green,4
2243,175,yellow,4
1383,120,black,2
2258,146,yellow,4
1591,92,yellow,4
2146,56,red,4
1570,142,black,2
1691,63,green,2
1324,88,green,4
1326,99,green,4
2432,90,green,4
1101,150,black,2
2068,108,blue,4
2376,107,black,4
1124,66,blue,2
2184,175,green,4
2092,113,blue,4
1130,166,green,2
1844,62,yellow,4
1312,119,black,4
1503,108,white,2
842,158,blue,2
973,165,yellow,2
875,150,blue,2
2398,95,white,4
2491,75,blue,4
1774,139,red,2
1555,173,black,2
2318,92,blue,4
1367,122,green,4
2037,133,black,4
1387,167,white,2
1306,98,blue,4
1632,114,white,2
2050,147,white,4
1132,106,green,2
824,179,red,2
1410,115,yellow,2
2190,103,green,4
1199,75,red,2
1331,138,yellow,2
2114,103,white,4
2289,146,red,4
1253,141,yellow,2
1619,78,blue,2
1043,168,green,2
1973,150,black,4
2366,156,blue,4
837,136,white,2
1370,117,yellow,2
2082,146,red,4
1374,148,yellow,4
1804,76,white,4
1515,80,blue,2
2150,150,white,4
1551,62,red,4
2307,161,blue,4
1392,180,white,2
1549,128,green,2
1144,71,yellow,2
1972,60,blue,4
1789,140,green,4
1190,114,white,2
845,81,black,2
2238,157,blue,4
1430,108,white,4
2064,87,white,4
1018,53,yellow,2
863,170,white,2
1976,89,blue,4
813,141,white,2
1358,123,green,2
1865,140,white,4
886,123,green,2
1337,92,yellow,2
1096,68,yellow,2
1350,98,white,4
1251,160,yellow,2
1757,101,red,2
2390,104,blue,4
1023,55,black,2
1280,124,green,4
1836,70,white,4
2223,104,black,4
812,125,yellow,2
1934,63,white,4
1131,73,black,2
1324,114,white,2
822,136,blue,2
2453,96,black,4
1249,54,white,2
1446,83,green,2
1853,126,red,4
2368,83,blue,4
1571,174,red,2
2020,158,black,4
1405,132,white,4
1282,105,white,4
2342,143,black,4
1239,100,black,4
1259,70,red,2
2211,67,yellow,4
1055,74,green,2
2298,79,blue,4
1064,126,red,2
887,57,black,2
2003,145,black,4
806,165,green,2
2322,66,blue,4
1186,64,yellow,2
823,154,red,2
1268,129,white,2
1153,167,white,2
1937,116,black,4
1369,97,blue,4
1041,170,black,2
978,120,red,2
1375,56,red,4
866,135,black,2
1322,87,yellow,4
2377,68,green,4
2068,96,blue,4
1073,131,blue,2
1887,93,black,4
1569,87,red,4
2267,104,blue,4
1250,137,blue,2
972,90,red,2
1631,143,red,4
2307,105,blue,4
934,96,white,2
1216,157,yellow,2
1101,51,green,2
1269,99,red,4
1290,64,blue,4
2407,163,yellow,4
1779,173,blue,2
1832,104,green,4
1432,65,white,2
965,72,blue,2
1613,171,yellow,4
1303,131,white,4
1024,60,red,2
2146,98,yellow,4
1856,136,yellow,4
2446,158,blue,4
1785,113,white,4
1120,118,green,2
1314,166,blue,2
1345,139,yellow,2
1410,122,red,4
2494,156,blue,4
2295,91,green,4
1383,126,black,2
2121,117,black,4
2355,78,yellow,4
1657,84,red,4
1308,58,green,2
986,82,blue,2
1247,171,yellow,4
844,129,black,2
1924,52,black,4
2364,92,red,4
1816,145,white,4
1407,131,blue,2
1476,152,black,4
1113,109,blue,2
1030,57,red,2
999,148,red,2
1018,71,yellow,2
1732,168,blue,4
1784,137,black,4
1149,53,green,2
2428,76,white,4
1581,74,blue,4
1041,68,blue,2
1214,156,white,4
2081,153,green,4
1582,120,black,4
1134,156,green,2
2395,173,red,4
1659,122,green,2
1946,104,yellow,4
2174,57,white,4
2076,171,red,4
2073,95,black,4
1343,133,blue,4
2431,85,green,4
1385,111,red,2
1770,93,blue,4
1899,161,black,4
1984,119,yellow,4
2471,164,yellow,4
1091,151,white,2
956,71,white,2
1371,127,blue,4
2016,57,red,4
2331,96,red,4
838,72,red,2
1406,155,yellow,2
1131,111,red,2
1622,138,black,2
2151,53,green,4
2318,51,black,4
2084,123,yellow,4
2038,111,yellow,4
2487,169,green,4
2432,180,red,4
1585,170,black,4
2290,116,red,4
1733,132,green,4
2262,176,black,4
1047,118,blue,2
1739,50,white,2
894,58,white,2
1267,65,blue,4
1160,128,red,2
1351,145,black,2
886,175,green,2
2338,145,black,4
2213,112,white,4
1081,173,yellow,2
2296,80,green,4
1806,125,red,4
2035,150,white,4
2267,83,yellow,4
1867,68,white,4
1817,131,green,4
2040,149,black,4
1080,145,green,2
1874,102,red,4
2147,70,green,4
2066,121,red,4
1003,65,green,2
2038,86,yellow,4
1374,134,white,4
1848,129,green,4
915,173,yellow,2
1710,88,red,4
1407,103,black,2
1647,115,black,4
1028,82,blue,2
1514,104,green,4
1730,162,white,4
996,55,yellow,2
2497,144,green,4
1434,66,green,2
1050,79,black,2
929,111,red,2
1246,127,blue,4
1087,96,green,2
1633,176,black,2
1147,104,white,2
2054,115,blue,4
1048,86,green,2
899,173,yellow,2
1783,143,green,2
2313,67,black,4
1370,108,yellow,4
2210,126,red,4
1338,93,yellow,2
2048,58,red,4
1348,77,white,2
819,163,green,2
1295,134,yellow,2
2053,100,black,4
2436,127,red,4
1444,175,green,2
2218,125,black,4
1040,50,blue,2
1401,156,yellow,4
925,130,white,2
1928,148,yellow,4
2483,152,black,4
1421,127,red,4
1842,158,white,4
2487,132,blue,4
1149,122,yellow,2
1782,166,white,4
947,155,white,2
921,134,blue,2
2051,132,white,4
1739,85,white,4
1465,127,green,4
951,86,black,2
1522,179,black,2
1214,150,green,2
1547,124,white,2
2329,161,white,4
822,54,blue,2
1511,159,red,2
1353,152,blue,4
1883,150,blue,4
2475,106,white,4
1831,125,yellow,4
1100,57,white,2
1142,169,red,2
1848,54,red,4
2300,118,white,4
1288,163,green,4
1443,84,yellow,2
2471,132,red,4
1382,84,black,4
1439,66,black,4
1119,80,yellow,2
1098,123,white,2
1168,179,green,2
882,138,black,2
1565,145,green,4
1012,107,black,2
1033,146,green,2
880,134,black,2
2309,95,blue,4
2088,91,red,4
1962,84,green,4
1041,52,red,2
1194,132,black,2
2023,162,blue,4
1652,135,white,2
1304,167,white,2
1928,150,black,4
2354,128,red,4
2018,137,black,4
844,147,white,2
1960,147,yellow,4
1824,90,black,4
2303,103,green,4
1622,140,red,4
2279,123,green,4
1351,180,white,4
2083,180,green,4
1541,114,white,4
1665,114,red,2
2419,123,green,4
1583,115,white,2
1566,59,blue,4
1208,168,green,4
1769,176,yellow,2
1236,103,black,4
1365,153,black,4
913,126,white,2
1740,78,black,4
1034,164,white,2
2292,117,green,4
1763,122,yellow,2
2428,68,black,4
2094,75,blue,4
2372,112,red,4
1106,180,white,2
1795,110,blue,4
2156,101,white,4
1144,82,green,2
1985,60,red,4
1696,67,black,4
1734,153,white,4
1102,138,red,2
1289,135,red,2
1120,150,white,2
1776,72,blue,2
1305,129,black,2
2232,130,green,4
949,82,red,2
1865,115,white,4
1788,98,red,4
1559,158,black,2
1976,172,white,4
860,55,black,2
1951,93,white,4
1907,91,blue,4
2142,144,white,4
1984,120,red,4
1024,54,red,2
2418,121,white,4
1072,88,black,2
2229,55,blue,4
848,65,black,2
862,82,white,2
2387,120,blue,4
2034,106,yellow,4
1442,134,white,2
2393,146,yellow,4
1926,126,blue,4
1688,106,blue,4
1571,103,white,4
2487,109,blue,4
1504,124,yellow,4
2042,166,green,4
823,126,white,2
1430,75,red,4
995,62,yellow,2
2009,108,green,4
1379,92,green,4
857,140,blue,2
1340,53,black,2
2424,125,green,4
1398,115,blue,4
1658,115,black,4
1487,60,black,2
2111,68,yellow,4
2279,123,black,4
804,159,red,2
1646,101,blue,4
1159,95,blue,2
2033,145,green,4
2488,173,white,4
1049,144,black,2
2344,153,black,4
2135,88,white,4
1141,66,white,2
1711,81,blue,4
2320,73,blue,4
1604,77,red,2
2319,59,black,4
2017,74,red,4
2412,93,white,4
939,150,yellow,2
1232,148,blue,2
1892,111,blue,4
1248,170,black,4
875,152,white,2
2341,153,white,4
2003,121,green,4
1940,64,green,4
1445,72,green,2
2397,168,white,4
2090,137,white,4
1208,57,black,4
2086,112,white,4
1135,155,black,2
1959,80,red,4
945,78,white,2
1769,166,red,4
1850,141,white,4
2140,123,black,4
1788,83,black,4
1009,138,white,2
2097,130,yellow,4
2326,172,black,4
999,62,black,2
2473,177,yellow,4
884,134,blue,2
2409,114,yellow,4
2161,100,red,4
2158,123,yellow,4
1201,61,red,4
2122,161,white,4
2314,162,red,4
2451,171,green,4
1783,60,white,2
1079,170,black,2
2233,95,blue,4
2140,180,red,4
1107,169,white,2
1220,91,red,4
1973,64,blue,4
2008,54,red,4
1606,68,red,2
2265,93,black,4
2329,64,red,4
1880,73,red,4
2320,158,white,4
1659,98,green,4
1272,139,yellow,4
1288,85,green,4
829,90,black,2
2055,92,white,4
871,144,green,2
1817,162,blue,4
2415,161,red,4
1472,140,yellow,2
2280,167,green,4
2051,118,blue,4
2383,177,green,4
1092,177,green,2
1454,112,yellow,2
919,130,green,2
2196,57,black,4
2126,160,red,4
847,145,white,2
816,118,red,2
1701,120,blue,2
1990,116,red,4
2068,65,black,4
2098,180,yellow,4
1172,170,red,2
2152,53,red,4
1527,84,black,4
2476,53,white,4
1017,90,black,2
1185,160,green,2
965,94,red,2
1076,117,yellow,2
815,133,red,2
1602,179,blue,4
983,68,white,2
2485,128,green,4
1832,122,red,4
1560,94,red,4
936,108,yellow,2
2056,131,blue,4
1867,180,blue,4
1914,115,red,4
1088,169,black,2
900,148,yellow,2
1418,104,yellow,2
2174,175,green,4
2353,134,blue,4
1337,157,white,2
860,143,black,2
1114,51,blue,2
1030,81,white,2
2397,124,black,4
1051,171,black,2
863,85,white,2
1246,106,green,2
2417,67,white,4
1907,121,green,4
2233,66,black,4
918,107,black,2
2348,84,black,4
1859,169,black,4
2059,58,white,4
2317,143,green,4
975,179,green,2
1487,73,blue,2
2043,156,yellow,4
1903,120,white,4
1388,75,red,4
1467,58,white,2
1987,78,yellow,4
1177,80,red,2
1917,63,red,4
1472,108,green,4
1625,154,red,2
2329,162,red,4
1231,163,green,2
2000,57,yellow,4
1273,165,white,2
2273,140,yellow,4
2066,160,blue,4
1977,91,white,4
973,141,green,2
2008,82,green,4
810,111,blue,2
2406,53,yellow,4
892,116,green,2
1572,160,white,4
1010,50,yellow,2
1670,123,black,4
2161,168,green,4
2385,130,white,4
1690,88,red,4
1250,72,green,4
954,133,yellow,2
1940,87,yellow,4
1858,133,black,4
2170,179,black,4
2457,81,yellow,4
1534,103,blue,2
1168,91,white,2
1334,122,green,4
871,179,white,2
1294,88,green,4
1720,51,yellow,4
1495,126,red,2
1137,101,green,2
1812,81,black,4
1803,164,yellow,4
920,73,white,2
1829,132,red,4
1919,57,white,4
2297,150,black,4
1456,54,red,4
1090,176,yellow,2
2004,170,yellow,4
2457,111,yellow,4
1787,65,yellow,4
1674,160,white,4
1049,158,yellow,2
2088,75,red,4
1012,168,yellow,2
1388,133,red,2
1518,134,green,4
1598,83,black,2
1917,67,white,4
1062,80,green,2
948,55,blue,2
1249,95,white,2
824,103,black,2
2019,145,green,4
2388,119,red,4
952,150,white,2
2039,65,black,4
1478,51,red,2
1997,96,red,4
2477,59,blue,4
2360,116,red,4
1071,112,green,2
1831,61,white,4
921,103,blue,2
1536,52,red,4
1173,123,black,2
2277,140,yellow,4
1144,77,blue,2
2057,62,white,4
2116,111,black,4
1854,96,blue,4
1776,106,red,4
1249,57,green,2
1564,153,blue,2
1624,64,blue,2
1635,102,green,2
1698,80,blue,2
829,56,green,2
2263,118,yellow,4
1139,94,black,2
1452,111,white,4
842,168,red,2
2379,103,yellow,4
1089,62,blue,2
985,51,red,2
2329,73,blue,4
2001,91,black,4
1244,140,green,4
1499,77,green,2
1818,139,green,4
1167,60,red,2
1650,67,red,2
1162,56,white,2
1798,156,yellow,2
1375,135,blue,4
1429,85,black,4
952,58,black,2
1725,65,white,2
1523,140,white,2
1090,174,blue,2
1794,119,green,4
1810,74,yellow,4
2463,76,red,4
2418,65,black,4
1682,63,red,4
1875,111,white,4
1652,163,white,4
1895,81,white,4
1791,54,black,4
1376,67,blue,4
1632,51,yellow,4
2135,66,yellow,4
2232,158,black,4
2436,116,white,4
1190,98,red,2
2255,80,red,4
1693,152,blue,4
1307,180,green,4
1184,165,red,2
2114,102,blue,4
1827,87,yellow,4
1629,167,green,4
2489,54,yellow,4
1010,124,black,2
1752,63,yellow,2
1598,130,blue,4
990,106,green,2
1895,143,blue,4
1039,175,yellow,2
1993,103,yellow,4
1051,54,blue,2
1772,94,red,4
1369,156,black,4
2047,91,white,4
2438,80,red,4
1592,153,black,2
1845,69,red,4
1813,106,blue,4
1187,131,blue,2
1722,64,yellow,4
1134,73,green,2
1559,96,red,4
2012,85,blue,4
1316,120,yellow,2
1146,110,yellow,2
1849,138,blue,4
1726,77,green,4
1561,148,yellow,2
1318,157,green,2
1013,176,red,2
2086,125,blue,4
2027,106,black,4
912,108,green,2
1452,52,blue,4
2298,72,yellow,4
1815,88,black,4
1420,73,white,4
862,57,white,2
1241,111,blue,2
1644,89,red,4
1134,77,black,2
1836,170,green,4
2183,87,blue,4
2227,153,green,4
2400,139,yellow,4
924,113,red,2
2064,63,blue,4
2193,127,black,4
1853,143,yellow,4
1615,64,blue,2
1414,153,blue,2
1188,60,yellow,2
879,62,white,2
1139,154,red,2
826,96,red,2
1904,168,yellow,4
2015,159,blue,4
2073,68,black,4
1532,106,blue,2
2079,53,white,4
2407,87,white,4
2017,105,green,4
1033,77,white,2
2071,99,yellow,4
1358,143,green,2
1983,128,green,4
1434,150,black,4
1130,90,yellow,2
1487,70,blue,2
2277,68,yellow,4
1760,127,yellow,2
2035,65,green,4
2234,149,green,4
889,78,black,2
861,88,white,2
1513,170,black,2
1904,150,blue,4
1700,162,red,2
1707,167,white,4
1905,143,green,4
1467,91,green,4
1562,151,blue,4
1949,65,red,4
2299,77,green,4
2058,94,red,4
2025,100,white,4
2009,72,yellow,4
802,83,white,2
2073,61,blue,4
1537,180,red,4
1212,129,white,2
826,135,black,2
2165,178,black,4
2211,136,blue,4
1038,118,white,2
1244,104,black,4
1542,179,white,2
2443,130,blue,4
1641,132,red,4
945,57,yellow,2
1804,84,yellow,4
1525,75,red,2
1676,138,green,4
2271,100,green,4
2068,172,yellow,4
1248,76,red,4
1805,50,yellow,4
2373,124,black,4
2346,112,red,4
950,178,red,2
2026,157,blue,4
921,143,red,2
1307,100,black,2
1545,123,white,4
2283,118,green,4
1866,151,black,4
1915,55,white,4
947,167,white,2
910,170,red,2
1538,101,blue,4
988,167,white,2
1208,100,blue,2
1481,67,white,2
2100,108,white,4
2152,170,black,4
2420,130,green,4
2257,71,black,4
1963,147,black,4
1919,111,yellow,4
1796,54,black,4
2330,151,green,4
1063,112,green,2
1625,151,red,4
1541,50,white,2
907,106,yellow,2
848,131,white,2
1091,104,black,2
1511,90,black,4
2298,66,white,4
2038,91,yellow,4
2316,152,green,4
1283,177,yellow,4
1122,50,green,2
1782,174,black,4
1334,53,yellow,2
1477,179,white,4
851,120,white,2
1380,95,blue,4
1582,57,black,2
932,86,blue,2
1554,166,red,2
824,172,blue,2
1504,58,green,2
2360,104,yellow,4
2375,108,green,4
838,59,yellow,2
1498,59,red,2
1902,176,green,4
1382,56,green,4
1747,168,yellow,4
2313,132,black,4
1901,140,green,4
1572,52,red,4
1778,155,blue,4
1007,56,green,2
1386,79,white,4
2013,129,yellow,4
1379,164,red,4
1018,174,black,2
1992,164,black,4
1526,55,white,4
1887,68,blue,4
1079,57,blue,2
2273,113,blue,4
2223,157,white,4
2212,61,black,4
810,77,red,2
2453,60,yellow,4
823,144,yellow,2
1911,153,white,4
1021,73,yellow,2
835,102,yellow,2
2214,54,yellow,4
1735,95,green,2
1054,105,green,2
2141,97,yellow,4
1273,172,green,4
1157,58,yellow,2
2216,157,blue,4
2233,86,green,4
2132,137,blue,4
1270,51,black,4
1635,180,red,2
1688,65,green,4
949,81,yellow,2
1143,75,black,2
1853,51,black,4
1798,119,yellow,2
2035,69,blue,4
2274,70,black,4
2326,156,blue,4
1422,80,red,4
2127,132,green,4
1615,68,black,2
1573,50,white,4
1893,161,red,4
1049,178,yellow,2
2094,167,green,4
1013,101,black,2
1413,126,red,4
2308,89,blue,4
2228,165,red,4
1841,75,yellow,4
1077,131,red,2
938,170,blue,2
1364,100,green,4
2184,71,green,4
1517,137,blue,2
925,76,green,2
2045,65,black,4
1427,89,red,4
1440,177,black,4
2495,158,green,4
1175,97,black,2
2204,109,black,4
1900,152,green,4
1158,133,red,2
1971,156,yellow,4
1398,110,green,4
1650,92,green,4
1622,67,blue,4
1639,86,yellow,2
985,84,red,2
1139,165,red,2
2051,122,yellow,4
2427,152,green,4
1885,58,yellow,4
1485,112,yellow,4
1714,155,white,4
2386,63,green,4
885,63,blue,2
2349,155,blue,4
2388,153,yellow,4
1477,105,white,2
1087,108,white,2
2269,104,yellow,4
1852,127,red,4
1031,162,red,2
2348,109,green,4
1361,171,yellow,2
2323,163,white,4
2372,86,red,4
1587,144,black,2
970,152,black,2
1604,131,yellow,4
1927,100,green,4
2006,164,blue,4
872,175,yellow,2
1628,56,white,2
2284,177,red,4
1029,143,red,2
1775,55,red,2
906,129,blue,2
2284,164,black,4
1256,163,black,2
2022,75,yellow,4
2242,73,white,4
1046,134,green,2
882,79,green,2
1371,88,red,2
1242,121,black,2
2129,133,red,4
1543,132,black,2
1808,155,yellow,4
1476,113,green,4
1069,77,black,2
1980,141,yellow,4
1464,112,red,2
1533,148,blue,2
2029,83,blue,4
2492,117,black,4
965,111,yellow,2
1454,111,black,4
2489,78,white,4
1202,85,yellow,4
807,114,white,2
1948,178,yellow,4
2191,159,red,4
2016,61,white,4
2100,113,blue,4
1798,85,blue,2
2235,87,yellow,4
2021,100,white,4
1193,108,green,2
2219,180,green,4
1244,95,blue,2
1836,65,white,4
1524,51,green,2
2075,60,yellow,4
992,71,black,2
1449,107,yellow,4
1769,53,black,2
2007,163,black,4
1305,57,green,2
2317,91,white,4
1202,56,green,4
1969,52,red,4
1018,156,red,2
2462,105,white,4
1199,159,red,2
1179,124,white,2
1558,68,black,4
1900,91,yellow,4
2363,119,blue,4
933,122,red,2
2084,76,white,4
988,95,black,2
1675,143,red,4
2317,160,blue,4
1374,72,red,4
2016,96,yellow,4
1432,128,blue,4
1399,167,yellow,4
1771,136,yellow,4
1397,98,green,4
1928,69,green,4
1912,115,green,4
1655,106,green,4
1695,88,red,4
1830,122,yellow,4
947,178,yellow,2
834,104,blue,2
1606,70,blue,4
874,126,green,2
1485,76,yellow,4
2166,125,blue,4
2433,105,red,4
1876,76,white,4
1184,87,black,2
1262,158,white,4
1150,80,green,2
1372,85,red,4
1241,139,black,4
2192,112,red,4
1822,88,blue,4
2090,140,white,4
2302,86,white,4
803,140,green,2
1332,121,white,2
1036,143,yellow,2
2263,101,black,4
891,166,white,2
1694,118,black,4
1992,176,red,4
1959,62,green,4
1285,61,black,2
1512,95,red,2
2288,124,blue,4
1767,69,green,4
2391,77,black,4
1205,76,yellow,4
2399,55,green,4
1727,64,yellow,4
1949,121,white,4
1954,146,black,4
1167,132,blue,2
1030,165,white,2
1791,106,green,2
1930,97,yellow,4
1193,163,red,2
1167,174,red,2
1946,116,yellow,4
1283,54,white,2
1926,57,red,4
922,161,red,2
2329,165,red,4
1628,115,blue,4
2494,164,black,4
1666,63,yellow,4
1315,156,black,2
2473,95,red,4
2152,118,green,4
1032,110,yellow,2
888,140,white,2
838,73,green,2
1761,124,blue,4
1311,114,white,2
1288,68,green,4
2277,155,white,4
1642,86,yellow,2
1595,130,blue,2
1014,88,green,2
2371,109,red,4
1567,53,black,4
1363,128,white,4
2034,159,black,4
1515,116,yellow,2
1391,139,blue,4
1949,61,black,4
1735,163,black,4
1616,120,black,2
1823,149,white,4
2127,170,white,4
1957,87,blue,4
2079,131,yellow,4
2180,152,blue,4
1199,149,blue,2
2015,166,white,4
839,77,red,2
973,97,green,2
2039,63,green,4
1245,86,blue,2
2065,102,white,4
1667,56,blue,4
2444,168,red,4
2384,71,green,4
1996,140,red,4
1728,105,white,4
1006,51,yellow,2
1197,93,green,2
2449,83,white,4
1276,155,white,2
2127,92,blue,4
1059,144,blue,2
2244,63,red,4
1984,88,blue,4
2473,118,black,4
1678,138,blue,2
2261,68,yellow,4
1874,76,red,4
998,128,black,2
1239,127,red,2
1950,172,yellow,4
2407,80,red,4
1886,67,red,4
2148,121,blue,4
1318,136,red,4
2125,179,red,4
2398,101,green,4
2324,154,green,4
1035,100,yellow,2
1923,122,green,4
1493,178,yellow,2
1178,87,black,2
891,96,blue,2
1576,80,yellow,4
1688,92,blue,2
1927,89,black,4
1351,74,black,4
2013,75,blue,4
1894,133,blue,4
1305,106,red,4
2359,127,yellow,4
1914,139,red,4
1753,103,yellow,4
2083,79,black,4
1914,175,green,4
1843,159,green,4
2160,142,yellow,4
2320,68,red,4
1020,136,white,2
1676,169,red,2
1986,120,black,4
2234,104,yellow,4
1447,70,yellow,4
1864,60,white,4
847,58,red,2
2232,81,black,4
862,102,black,2
2129,167,white,4
1788,71,green,2
1127,105,yellow,2
911,152,black,2
929,126,black,2
1872,102,green,4
1345,118,yellow,2
2118,78,white,4
1945,66,red,4
2350,126,white,4
1958,106,black,4
1329,70,green,4
2492,141,blue,4
2221,138,blue,4
1430,67,yellow,4
2342,107,red,4
1282,170,black,2
2272,170,yellow,4
1811,107,white,4
2123,88,white,4
1513,72,white,4
1876,80,red,4
1800,64,red,4
1426,111,green,4
1739,179,black,4
2399,151,blue,4
904,179,blue,2
1917,104,blue,4
1392,112,black,2
2042,126,black,4
1968,113,green,4
2319,168,red,4
1851,160,blue,4
1917,146,yellow,4
1264,158,black,4
2130,180,red,4
1629,75,green,2
916,155,red,2
946,101,green,2
1354,158,white,2
804,70,blue,2
869,113,red,2
2263,74,green,4
2292,159,black,4
1258,55,white,4
2135,176,black,4
1468,87,blue,4
1641,167,yellow,4
2117,127,black,4
2126,142,blue,4
1729,139,red,2
829,72,red,2
957,53,blue,2
1452,71,yellow,2
2374,179,blue,4
1675,100,white,2
2176,150,blue,4
2364,135,yellow,4
811,124,blue,2
2197,123,blue,4
2117,133,red,4
2474,100,green,4
2209,151,black,4
921,167,blue,2
980,95,green,2
1700,159,white,2
2478,156,black,4
1009,78,blue,2
2253,85,black,4
912,85,red,2
1209,57,white,4
1901,101,blue,4
1421,60,white,2
1519,159,black,4
2299,96,red,4
1072,177,red,2
1679,55,yellow,4
938,148,red,2
915,50,black,2
1957,69,blue,4
2055,71,green,4
2355,88,black,4
2129,102,black,4
2202,79,blue,4
1787,139,red,2
961,163,yellow,2
1709,90,yellow,2
2112,55,green,4
1722,174,green,4
2462,75,yellow,4
1354,148,green,2
1495,102,blue,4
1838,149,yellow,4
2139,100,red,4
1046,157,red,2
1866,63,white,4
1054,89,yellow,2
944,116,yellow,2
1944,102,red,4
1560,105,yellow,4
1124,158,red,2
852,161,black,2
951,65,black,2
996,92,black,2
1566,115,yellow,4
1634,122,black,2
2397,75,white,4
1188,59,blue,2
1548,76,green,4
832,123,red,2
1732,55,white,2
1132,76,white,2
953,88,green,2
2143,51,black,4
1537,148,yellow,2
2143,77,blue,4
1188,105,white,2
1365,77,yellow,4
2054,56,red,4
1363,157,blue,2
1067,166,green,2
2152,64,white,4
1116,92,white,2
2099,133,white,4
1550,88,white,2
1252,54,green,2
2214,80,red,4
2452,147,blue,4
1544,83,blue,4
1319,68,yellow,2
2395,113,blue,4
1754,171,yellow,2
2482,152,white,4
1304,154,black,2
839,135,green,2
1498,112,green,2
1264,128,white,2
954,136,blue,2
2172,111,black,4
1013,118,red,2
2265,50,red,4
1687,133,yellow,4
1563,123,yellow,2
2049,154,black,4
1362,143,blue,4
920,161,white,2
1657,173,blue,2
869,167,blue,2
858,82,red,2
2071,64,yellow,4
1771,157,black,4
1691,170,green,4
2253,172,red,4
1292,121,green,4
1700,161,yellow,2
1330,156,green,4
1166,168,yellow,2
934,140,red,2
979,102,green,2
1835,105,black,4
2280,171,red,4
1787,86,blue,4
842,91,green,2
1318,69,red,4
874,98,white,2
1718,57,blue,2
1039,123,red,2
887,138,red,2
911,180,black,2
1710,98,green,4
1264,158,white,2
2045,76,red,4
1492,107,yellow,2
2164,79,black,4
1638,67,white,2
2285,108,black,4
2208,65,green,4
1561,101,yellow,4
1445,51,green,2
2168,98,green,4
995,127,blue,2
876,60,black,2
1111,92,red,2
1618,104,black,4
1797,64,green,4
923,158,black,2
1830,114,green,4
2097,91,blue,4
1387,177,black,4
1809,149,black,4
966,140,red,2
1154,127,white,2
2337,174,blue,4
971,56,blue,2
1619,71,white,4
1945,140,red,4
1177,143,black,2
1893,155,red,4
2263,104,red,4
1181,71,white,2
1435,152,blue,4
1522,179,green,4
976,82,black,2
1080,67,yellow,2
1675,122,white,2
1613,150,green,2
1650,172,yellow,4
1490,115,blue,4
2322,112,white,4
1164,178,yellow,2
1767,105,yellow,4
2356,109,white,4
1209,62,blue,4
1280,67,green,2
1399,157,green,2
1451,63,blue,2
1457,119,blue,4
916,80,blue,2
1458,111,black,2
1601,136,white,2
2405,62,blue,4
1811,167,black,4
913,90,black,2
2465,107,black,4
1125,142,red,2
2036,56,white,4
1312,65,white,4
2472,51,blue,4
2416,52,red,4
2362,133,blue,4
2416,60,blue,4
1172,148,green,2
955,152,red,2
1393,160,yellow,2
1268,129,yellow,4
1141,149,green,2
2131,99,blue,4
2277,119,yellow,4
1497,111,black,4
1801,67,black,4
1765,78,blue,2
2371,167,white,4
1909,111,yellow,4
1852,161,red,4
1306,171,black,4
2009,95,white,4
1601,115,green,2
1881,95,white,4
1683,176,red,4
1685,164,green,2
1616,101,red,4
1523,173,white,2
1927,80,white,4
1043,113,black,2
2404,58,white,4
2421,152,yellow,4
1443,57,blue,4
1365,174,yellow,4
1838,135,blue,4
1013,97,red,2
1822,170,red,4
2173,127,red,4
2321,76,green,4
2165,150,red,4
1730,98,green,4
1096,114,white,2
1300,56,black,4
997,78,white,2
2034,67,green,4
2104,177,blue,4
1497,154,black,2
1299,50,red,4
2103,134,blue,4
1198,163,white,2
2076,90,white,4
1074,162,green,2
2500,110,black,4
1327,154,black,4
1081,92,yellow,2
867,145,yellow,2
1751,168,red,4
989,134,yellow,2
2473,149,green,4
1726,85,blue,4
993,149,green,2
1875,81,blue,4
1303,75,blue,4
2163,120,blue,4
1339,54,red,4
1539,68,green,2
981,53,white,2
2032,76,black,4
2047,140,black,4
878,171,blue,2
2297,91,blue,4
1832,63,black,4
2390,51,yellow,4
1737,51,yellow,2
2388,88,green,4
1733,137,white,4
2433,133,black,4
1153,142,yellow,2
1705,157,black,4
2425,78,red,4
1644,99,yellow,4
1511,79,blue,2
1301,101,yellow,2
1359,118,green,4
809,112,red,2
2477,165,white,4
1772,135,white,2
1120,126,green,2
1099,83,black,2
1146,176,blue,2
1948,162,red,4
1109,149,blue,2
1953,100,green,4
1434,142,black,2
2395,61,black,4
1086,98,yellow,2
1118,128,black,2
2126,52,yellow,4
1908,179,white,4
1931,70,white,4
1425,163,white,4
1693,158,yellow,4
2470,128,white,4
1611,61,black,2
1722,162,green,4
1573,57,black,4
1043,129,red,2
1327,124,yellow,4
1077,169,blue,2
1168,60,black,2
2013,170,white,4
2175,51,blue,4
1594,115,blue,4
1076,178,red,2
2067,168,black,4
1736,128,red,4
1751,96,black,2
1930,116,black,4
1756,108,green,4
1612,119,green,2
1454,156,white,2
1103,116,white,2
1950,56,blue,4
1407,108,red,2
1647,74,green,2
1716,106,yellow,2
2175,143,blue,4
2349,172,black,4
1886,152,black,4
1518,77,yellow,4
1332,94,black,2
2379,96,white,4
2018,80,yellow,4
1777,50,black,2
1598,109,red,2
1596,145,yellow,2
1400,125,yellow,2
1540,151,red,4
2380,178,red,4
2264,63,red,4
1894,156,black,4
2185,70,yellow,4
2078,121,green,4
1928,174,red,4
1169,113,white,2
2325,56,yellow,4
857,101,white,2
1042,139,white,2
1942,98,red,4
1500,94,red,4
1598,102,red,2
1011,64,blue,2
1483,130,black,4
860,170,green,2
1933,139,black,4
1178,81,red,2
1716,158,blue,4
1311,79,blue,4
1814,159,black,4
1799,154,black,4
2171,168,black,4
1272,66,red,4
939,117,blue,2
1802,92,black,4
1649,147,yellow,4
2263,175,yellow,4
853,80,green,2
1916,173,red,4
1859,145,yellow,4
1496,72,yellow,2
1143,60,yellow,2
1278,151,black,4
1220,81,green,2
2491,180,yellow,4
2082,160,white,4
1864,155,red,4
2292,89,black,4
2459,66,green,4
1612,86,red,4
1307,73,red,2
1495,128,red,4
1239,68,green,2
1645,176,black,2
1289,126,red,2
1155,141,green,2
1986,141,black,4
1855,79,black,4
2144,64,red,4
1864,158,red,4
1499,132,white,2
1194,145,white,2
1353,151,white,2
1351,84,black,4
2406,121,green,4
2133,130,green,4
2197,94,red,4
2302,66,white,4
902,149,red,2
2306,105,red,4
1911,103,black,4
1863,66,black,4
1106,149,white,2
2135,151,black,4
1158,168,red,2
2299,156,red,4
1254,169,green,4
2122,57,yellow,4
1675,161,green,4
1945,149,white,4
2004,154,yellow,4
1380,158,black,4
950,178,black,2
943,137,blue,2
1709,165,red,2
1957,56,white,4
1252,53,white,2
2130,79,white,4
2352,129,blue,4
2053,142,black,4
2052,139,green,4
1926,133,green,4
1214,97,white,4
2364,150,blue,4
1862,67,white,4
1412,141,red,4
1921,53,green,4
991,147,white,2
2255,113,green,4
880,118,blue,2
1766,163,green,4
1260,78,blue,4
1396,176,white,4
1970,129,yellow,4
1912,162,red,4
1811,61,black,4
1858,179,blue,4
1510,53,black,2
1375,86,black,4
2357,139,white,4
2085,99,red,4
1765,135,yellow,2
1201,110,yellow,4
1158,55,green,2
2447,74,blue,4
1544,53,white,2
1618,64,red,4
2159,155,black,4
2010,79,yellow,4
2184,88,red,4
2196,161,blue,4
2377,136,blue,4
2429,81,white,4
2140,150,white,4
1829,55,black,4
2224,142,blue,4
1889,103,red,4
1198,160,yellow,2
1170,120,yellow,2
2049,101,black,4
2161,143,blue,4
1475,130,white,4
2450,115,white,4
1983,97,blue,4
1539,126,black,4
2203,134,black,4
1556,176,blue,4
2234,111,yellow,4
1452,156,yellow,4
1851,171,blue,4
1222,81,blue,4
1563,104,yellow,2
2346,127,black,4
1822,141,white,4
1331,154,green,2
1859,51,black,4
1390,160,yellow,2
2181,82,yellow,4
1442,78,white,4
1281,93,yellow,2
1603,178,yellow,2
1428,80,white,2
2092,76,black,4
2025,107,red,4
2483,153,black,4
1641,96,green,4
2016,115,yellow,4
803,154,red,2
1154,167,yellow,2
1344,79,red,4
1776,149,white,2
2229,170,green,4
1785,164,white,2
1634,122,black,4
1223,175,black,4
1515,63,white,2
1315,60,green,2
2025,161,white,4
1644,111,yellow,4
2115,172,yellow,4
1971,66,white,4
2405,133,red,4
1987,138,black,4
1020,89,red,2
1674,102,red,2
1880,112,black,4
1286,74,black,4
2412,156,yellow,4
2118,124,red,4
1101,103,black,2
1840,60,blue,4
1117,180,black,2
2011,178,white,4
1691,67,yellow,4
1300,135,red,4
2364,109,red,4
1457,136,green,4
2145,120,blue,4
2264,101,black,4
2085,97,yellow,4
2086,55,blue,4
1892,123,blue,4
1832,146,green,4
1124,103,black,2
1732,162,blue,4
2354,164,green,4
1583,165,black,4
1036,122,yellow,2
2113,152,red,4
1053,71,red,2
1746,149,white,4
1794,112,white,2
2192,107,white,4
2471,145,red,4
1368,85,white,4
1901,104,black,4
1683,64,black,4
903,149,yellow,2
1639,148,green,4
2422,100,red,4
832,98,white,2
1869,54,blue,4
1500,123,black,2
1729,129,white,2
1168,58,black,2
1521,93,green,2
2285,81,yellow,4
1567,151,black,4
1548,141,red,4
2451,150,red,4
2475,88,white,4
1727,149,red,2
922,159,red,2
1078,158,black,2
2146,55,blue,4
1531,117,black,4
1704,145,green,4
2028,113,black,4
1471,142,black,2
2351,171,blue,4
2148,98,green,4
2473,50,black,4
1878,78,red,4
1677,60,red,2
1224,144,black,2
2115,108,black,4
857,140,blue,2
1257,179,black,2
882,148,blue,2
1965,151,black,4
2090,173,yellow,4
2084,116,blue,4
1002,173,red,2
803,160,black,2
1586,127,yellow,2
1710,175,red,4
1290,152,blue,4
1933,106,blue,4
1630,142,black,2
2265,51,yellow,4
1276,102,red,2
2434,137,yellow,4
1460,111,green,4
1053,149,yellow,2
1344,145,yellow,2
2446,69,black,4
1225,157,yellow,4
1954,91,white,4
1538,170,white,2
1702,117,black,2
1958,62,blue,4
1967,72,black,4
1494,133,black,4
989,81,green,2
2076,74,green,4
1025,71,yellow,2
1926,167,yellow,4
1190,68,black,2
1239,119,white,4
1719,146,red,2
1940,60,green,4
2095,152,blue,4
2084,160,yellow,4
2105,132,black,4
2329,63,blue,4
1853,72,yellow,4
1811,61,yellow,4
1989,57,black,4
1106,99,green,2
1434,98,black,4
2024,103,black,4
1086,156,yellow,2
1259,136,red,4
1360,63,yellow,2
1432,120,black,2
1056,99,blue,2
918,95,red,2
1543,50,white,2
1234,102,blue,4
1643,74,white,4
2067,71,white,4
1028,180,green,2
1118,67,green,2
2328,69,yellow,4
1422,91,black,2
1603,95,white,2
1858,169,black,4
1844,74,red,4
1135,180,white,2
1389,171,yellow,2
809,53,green,2
1448,90,yellow,2
1814,90,green,4
1975,60,black,4
1671,57,black,4
937,137,red,2
1391,129,green,2
1934,116,black,4
1591,62,blue,4
2169,95,green,4
2401,88,blue,4
1322,129,white,2
1319,164,white,2
2090,67,blue,4
1607,72,blue,4
2006,87,black,4
1438,172,white,2
990,82,white,2
2353,161,green,4
1942,120,yellow,4
987,92,blue,2
1537,83,green,2
1846,57,white,4
2143,80,yellow,4
1774,125,white,2
1616,58,blue,2
1785,99,black,4
2119,172,blue,4
1473,75,red,4
1635,82,yellow,2
816,102,red,2
2223,90,green,4
843,116,white,2
1450,134,black,4
1111,119,yellow,2
1862,135,red,4
2394,85,yellow,4
1270,130,blue,2
2454,118,white,4
1037,64,green,2
2376,105,blue,4
822,121,black,2
1584,59,yellow,4
2354,170,white,4
2446,98,green,4
1631,77,red,2
2124,124,red,4
1067,146,red,2
1647,107,white,2
2330,125,blue,4
1504,124,blue,2
2445,159,red,4
2254,59,red,4
1114,95,red,2
2070,155,green,4
1454,167,red,4
1881,73,blue,4
1174,141,black,2
2238,163,white,4
2085,113,green,4
1377,55,black,4
1003,126,red,2
1178,81,yellow,2
1236,101,black,2
2043,173,blue,4
1631,133,yellow,2
2406,151,black,4
1011,85,green,2
2335,172,green,4
1011,121,yellow,2
936,83,green,2
959,95,black,2
997,102,white,2
2443,144,green,4
852,139,red,2
1252,88,black,2
1624,61,green,2
1361,143,black,4
2270,139,white,4
1053,141,black,2
1508,150,yellow,2
2134,112,white,4
1848,98,black,4
805,120,green,2
1702,162,green,2
1341,71,red,2
1481,136,green,2
1588,90,yellow,2
1969,118,green,4
1860,62,black,4
2090,108,black,4
2281,168,white,4
1991,141,red,4
963,133,white,2
1793,143,blue,4
1483,173,white,2
1213,62,white,2
1794,73,white,4
2089,56,green,4
2058,69,yellow,4
2341,118,red,4
1746,158,yellow,2
2013,139,yellow,4
2029,53,green,4
1629,143,red,4
1140,117,green,2
834,102,green,2
1350,57,red,4
2344,54,red,4
840,162,red,2
1346,170,red,2
1967,112,green,4
1927,139,white,4
1186,67,blue,2
2457,52,blue,4
1162,157,white,2
2432,112,black,4
2243,116,green,4
2337,121,black,4
1499,152,yellow,2
883,83,yellow,2
2105,124,black,4
915,141,white,2
2341,111,green,4
2164,88,black,4
2428,66,yellow,4
1114,143,red,2
1642,52,blue,4
2140,113,blue,4
1788,62,yellow,4
1088,144,yellow,2
1483,128,green,2
1587,61,white,2
1207,61,black,2
1066,103,black,2
1719,108,black,2
1239,94,yellow,2
2330,155,green,4
1224,82,green,2
1590,143,black,4
838,80,black,2
2217,59,black,4
2250,79,white,4
985,154,yellow,2
1731,62,blue,4
1466,179,white,4
1616,106,green,4
1996,129,red,4
1188,135,red,2
1618,92,white,4
2263,162,blue,4
1431,124,blue,4
1179,179,red,2
1366,104,yellow,4
1190,99,white,2
1510,82,black,4
841,154,blue,2
1038,100,green,2
1203,95,white,4
1881,126,green,4
1642,65,black,4
1749,150,white,2
2499,106,white,4
955,55,yellow,2
1053,57,blue,2
1689,113,black,4
890,63,black,2
2307,103,green,4
1754,88,white,2
1655,71,blue,2
2346,74,yellow,4
1079,81,yellow,2
2312,179,white,4
1588,126,black,2
1237,79,white,2
1751,145,blue,2
821,173,green,2
1942,137,yellow,4
1515,65,red,2
1267,75,red,4
2355,87,yellow,4
1600,176,yellow,2
1281,60,white,4
2177,180,red,4
2217,115,white,4
1961,84,red,4
1249,59,yellow,4
839,64,green,2
1010,85,blue,2
803,160,blue,2
1505,146,yellow,4
1125,79,blue,2
1429,99,black,4
1046,61,blue,2
2163,84,green,4
989,63,white,2
1099,150,red,2
1218,77,blue,2
1348,116,white,4
1239,138,blue,2
2204,110,yellow,4
1471,147,blue,2
1488,61,white,4
2067,68,white,4
1942,118,blue,4
1852,106,black,4
2232,87,white,4
1846,132,black,4
1961,51,white,4
1801,118,black,4
2363,157,white,4
1051,75,yellow,2
1542,113,black,4
1865,53,black,4
1812,126,yellow,4
1330,141,blue,4
2207,106,red,4
1855,169,red,4
1738,150,green,4
2209,135,red,4
972,102,red,2
1287,67,green,2
2479,80,yellow,4
1026,122,blue,2
1716,164,blue,4
1729,130,blue,4
2114,64,red,4
2017,121,red,4
833,174,yellow,2
983,140,blue,2
1967,178,blue,4
1206,176,white,2
1551,87,white,2
810,136,white,2
2124,103,red,4
1297,104,black,2
855,70,blue,2
2413,75,yellow,4
997,151,white,2
850,55,red,2
1205,118,yellow,4
2493,177,blue,4
1670,165,green,2
1138,58,green,2
1653,152,blue,4
2121,129,green,4
1830,128,black,4
2142,177,black,4
2056,146,red,4
2332,75,white,4
810,50,blue,2
1747,70,white,4
2440,111,blue,4
2096,128,red,4
1364,115,black,4
2083,148,blue,4
2500,91,yellow,4
1272,168,yellow,4
2249,93,green,4
953,148,red,2
894,176,green,2
2174,118,green,4
1878,149,green,4
1643,97,white,2
1394,143,yellow,4
829,101,green,2
2337,170,yellow,4
1219,126,red,4
2310,98,black,4
2341,155,red,4
828,112,red,2
1129,147,green,2
1311,155,black,2
1036,79,black,2
1693,56,black,2
1945,172,red,4
2318,89,white,4
2138,136,red,4
2011,180,yellow,4
1449,143,blue,4
1230,140,green,4
1729,129,blue,4
1781,134,yellow,2
1658,169,yellow,2
827,109,white,2
2284,82,green,4
1367,139,white,2
1085,50,red,2
906,74,black,2
1382,102,blue,2
1457,100,red,4
1832,149,yellow,4
1632,96,yellow,4
2286,80,red,4
1717,87,blue,4
1499,140,green,2
2130,148,yellow,4
2418,110,black,4
1389,65,red,4
1731,85,black,4
2055,109,red,4
1731,94,white,2
828,132,blue,2
1561,177,blue,4
2448,77,blue,4
1134,158,red,2
1643,131,red,2
839,113,yellow,2
2177,144,black,4
1752,142,black,4
2164,114,red,4
1507,152,black,4
1774,68,red,4
858,173,yellow,2
2343,172,green,4
2432,50,green,4
1771,162,blue,4
869,158,yellow,2
1276,96,green,2
1324,151,white,2
1839,74,white,4
1496,152,yellow,4
1456,84,white,2
1672,112,green,2
1215,146,black,4
1720,75,blue,4
1121,66,black,2
2073,126,yellow,4
920,131,black,2
2302,65,white,4
1293,76,yellow,4
1629,106,yellow,4
1195,77,black,2
1016,178,yellow,2
1584,104,white,2
1156,88,white,2
809,76,blue,2
2131,151,blue,4
2354,57,black,4
1757,117,black,4
2265,105,yellow,4
1327,129,black,2
2449,106,yellow,4
1180,62,blue,2
1542,78,blue,2
1402,51,green,4
1912,106,green,4
1146,114,green,2
2438,153,yellow,4
2152,180,white,4
2047,164,yellow,4
1276,58,red,4
1022,55,green,2
1384,73,black,2
864,128,blue,2
817,177,white,2
1136,107,red,2
1435,141,black,4
2165,90,red,4
1762,127,white,4
2268,108,black,4
1609,73,white,4
2145,171,red,4
2045,138,red,4
2110,166,black,4
1185,129,yellow,2
1314,97,red,2
2476,131,red,4
2403,174,yellow,4
2433,94,white,4
1564,153,white,2
897,140,red,2
2305,66,blue,4
1735,87,blue,4
2089,108,white,4
2067,179,blue,4
1641,90,blue,2
1616,95,black,2
819,163,yellow,2
2047,177,yellow,4
1309,78,yellow,4
1906,114,blue,4
1059,94,white,2
1543,69,green,4
2417,107,green,4
2340,160,black,4
1515,176,yellow,4
1770,143,white,4
899,178,black,2
2346,103,red,4
1216,93,black,2
1012,61,blue,2
1017,122,blue,2
1628,104,green,4
1642,89,red,4
2331,178,white,4
1590,77,red,4
2257,53,yellow,4
2397,173,black,4
1618,139,yellow,2
1955,82,white,4
2030,119,white,4
1789,89,blue,2
1334,78,green,2
1880,116,blue,4
1456,129,black,4
1536,57,blue,2
878,55,yellow,2
1974,69,black,4
1031,111,blue,2
2439,131,green,4
2174,172,red,4
1787,83,green,4
2314,51,black,4
1945,122,white,4
2057,122,black,4
827,155,green,2
1503,71,black,4
1318,94,green,2
2423,90,white,4
1034,140,green,2
1994,52,blue,4
2040,158,black,4
2057,108,green,4
2185,81,yellow,4
1552,129,green,4
894,63,red,2
1405,65,yellow,4
1394,50,yellow,4
1883,97,red,4
861,50,blue,2
2097,58,red,4
1751,157,white,4
1011,143,blue,2
2336,71,blue,4
2168,162,red,4
1865,72,green,4
1264,178,black,4
1587,174,blue,4
1734,70,yellow,4
1674,96,white,4
2213,67,green,4
1295,114,white,2
1330,57,yellow,4
1271,144,green,4
1120,168,yellow,2
2409,171,green,4
1397,140,red,2
1415,180,yellow,2
1358,86,black,4
833,54,white,2
1499,118,white,4
812,68,white,2
1150,127,white,2
1225,138,red,2
1958,59,white,4
2273,171,red,4
2423,125,blue,4
2248,134,black,4
1257,166,yellow,2
2068,164,red,4
1332,124,blue,2
1963,55,green,4
1214,92,red,2
1983,167,yellow,4
1713,96,red,4
2181,163,white,4
1721,80,blue,2
1287,88,yellow,4
2487,64,red,4
1328,173,yellow,2
2489,145,yellow,4
2402,150,red,4
1541,177,red,4
1949,164,blue,4
2338,141,white,4
1409,176,green,2
2456,94,yellow,4
1174,103,green,2
2077,173,black,4
928,134,green,2
1779,66,blue,2
1023,130,yellow,2
1530,170,blue,4
1665,112,green,4
1501,57,black,2
2236,81,white,4
825,64,white,2
2210,144,green,4
1808,72,blue,4
1170,94,blue,2
1628,144,red,2
1713,104,white,2
857,104,white,2
2417,121,black,4
2384,83,black,4
2075,57,green,4
1668,172,white,2
2049,112,green,4
904,78,yellow,2
1246,137,black,2
975,115,white,2
1573,177,red,4
1797,95,yellow,2
1566,120,blue,2
1510,178,green,4
2426,150,black,4
853,131,red,2
1154,150,black,2
2408,91,yellow,4
907,132,black,2
1864,170,black,4
1656,108,white,4
2013,78,yellow,4
901,163,blue,2
2185,149,black,4
1007,172,red,2
1455,123,green,4
1779,85,blue,4
892,134,white,2
2198,158,black,4
1890,119,black,4
1839,96,black,4
2479,152,white,4
1230,123,blue,2
955,108,black,2
2003,90,black,4
1654,64,white,4
1900,78,green,4
963,180,green,2
2413,165,blue,4
1755,176,green,4
1934,162,red,4
1298,156,white,4
1587,59,red,4
1011,173,red,2
2027,154,red,4
2120,114,white,4
871,73,blue,2
1400,134,white,4
1813,118,green,4
1116,166,blue,2
995,152,red,2
1911,50,white,4
834,71,green,2
1090,99,green,2
1726,178,blue,2
980,100,black,2
1877,125,white,4
2179,126,blue,4
2328,77,red,4
1438,166,yellow,2
2276,67,white,4
1963,118,blue,4
2160,108,red,4
1970,94,green,4
1500,88,white,2
2490,179,yellow,4
919,114,yellow,2
960,164,blue,2
1331,66,red,4
1278,142,blue,4
1158,106,red,2
1436,125,green,4
1286,117,green,2
1455,110,black,2
2193,114,blue,4
1878,130,red,4
1032,108,green,2
2330,120,green,4
1667,65,black,2
1801,107,black,4
1137,175,green,2
881,153,yellow,2
2012,90,black,4
1252,91,yellow,4
1663,66,red,2
1319,89,black,4
1218,143,yellow,4
901,61,blue,2
1456,86,black,2
1287,170,blue,2
1239,71,blue,4
933,114,red,2
884,65,blue,2
837,115,blue,2
1186,83,blue,2
843,70,blue,2
2471,117,white,4
1562,82,yellow,2
1346,156,green,4
2210,171,red,4
1809,79,green,4
2196,143,white,4
2108,159,white,4
1561,59,black,2
890,111,red,2
2185,79,red,4
1781,152,black,2
2229,159,black,4
1862,119,white,4
2223,113,red,4
1074,73,red,2
1867,146,yellow,4
1451,174,white,4
2500,171,blue,4
2453,102,yellow,4
1089,50,red,2
1484,156,blue,4
1311,175,blue,2
1097,101,red,2
2205,126,green,4
902,143,red,2
1694,84,red,4
1414,122,red,4
2021,120,blue,4
1393,111,blue,4
2133,177,blue,4
1980,77,blue,4
1931,127,blue,4
1697,90,red,2
1891,113,red,4
1286,148,blue,4
2031,165,blue,4
1709,113,yellow,2
1968,64,yellow,4
890,129,white,2
2045,146,black,4
2090,173,white,4
1237,157,yellow,2
1387,127,white,4
848,98,black,2
1461,156,black,4
1745,63,blue,2
1533,113,black,4
2156,147,black,4
1612,78,white,2
2059,101,blue,4
2455,113,black,4
1070,59,red,2
1780,107,black,2
2182,54,black,4
1415,156,white,2
1995,117,red,4
1851,51,yellow,4
1398,85,blue,2
947,144,yellow,2
969,128,red,2
1236,114,yellow,4
965,152,white,2
2096,134,black,4
1449,68,red,2
2151,152,white,4
1096,172,green,2
1934,90,white,4
1492,121,white,2
806,76,blue,2
2464,142,white,4
1900,81,yellow,4
2445,136,green,4
1857,95,blue,4
934,168,yellow,2
1376,105,white,2
1128,75,white,2
1883,128,yellow,4
1084,85,white,2
856,151,red,2
2188,122,blue,4
2296,141,red,4
1911,79,blue,4
1205,114,green,4
1665,146,blue,4
1137,179,blue,2
2376,76,green,4
2203,163,white,4
1464,137,blue,2
1267,177,blue,4
1994,132,green,4
2463,71,white,4
900,96,green,2
2419,80,red,4
1105,65,black,2
1559,70,white,4
2270,53,green,4
2344,171,black,4
1338,62,red,4
1032,160,black,2
1351,67,green,4
1047,58,white,2
2357,98,yellow,4
920,174,black,2
1724,77,red,2
1031,96,red,2
1660,148,red,4
1640,99,white,4
1505,65,yellow,4
2323,57,red,4
820,102,black,2
1956,56,white,4
1000,156,black,2
1122,135,red,2
1672,75,yellow,4
2061,53,yellow,4
1180,55,black,2
1666,84,yellow,4
2027,68,white,4
2434,106,white,4
1814,147,white,4
1017,144,yellow,2
2129,107,red,4
1009,126,blue,2
1528,163,green,4
2196,135,blue,4
1104,92,blue,2
1471,75,blue,4
2360,171,red,4
874,164,yellow,2
1090,100,red,2
1558,157,green,2
2019,174,yellow,4
1098,111,red,2
824,80,white,2
2154,118,blue,4
2217,146,black,4
1701,62,white,2
1504,132,white,2
2019,148,blue,4
2083,75,black,4
1399,171,red,4
1450,117,black,4
1196,77,red,2
1859,120,red,4
2396,168,red,4
1998,147,yellow,4
1746,104,white,2
2123,72,yellow,4
1047,71,white,2
1453,121,black,2
1209,162,black,4
1915,147,black,4
1839,112,white,4
1203,93,yellow,2
1642,140,red,2
2047,76,yellow,4
1801,155,green,4
1563,55,yellow,2
831,99,blue,2
1362,60,black,4
1912,83,green,4
1226,51,white,4
2004,127,black,4
866,160,red,2
1630,124,black,2
1687,81,green,4
1862,68,red,4
2486,145,black,4
987,120,blue,2
1995,169,white,4
1129,177,yellow,2
1894,145,white,4
1974,89,yellow,4
1915,89,black,4
864,128,yellow,2
1436,168,black,4
2415,135,yellow,4
2452,102,red,4
1145,97,green,2
2015,61,white,4
1349,98,yellow,2
1830,124,green,4
872,149,white,2
2036,125,yellow,4
1475,157,white,4
2403,115,yellow,4
1422,128,red,4
800,95,yellow,2
1819,51,blue,4
1603,74,blue,2
808,144,white,2
1158,64,yellow,2
2076,127,green,4
2060,79,yellow,4
1871,117,yellow,4
967,125,blue,2
1967,57,white,4
1548,150,black,4
2197,106,blue,4
1725,79,green,4
1890,58,red,4
1431,109,yellow,2
1833,178,yellow,4
2345,79,yellow,4
923,167,red,2
1042,69,red,2
1727,54,red,4
1802,51,red,4
999,72,red,2
1820,150,red,4
1704,174,black,4
1801,160,green,4
1802,144,green,4
2018,163,red,4
1599,76,red,2
1205,117,white,2
2218,140,white,4
1108,153,black,2
2270,94,red,4
902,127,black,2
2065,106,black,4
1393,178,black,4
1170,104,white,2
1740,134,blue,2
992,108,white,2
1941,155,white,4
1478,149,yellow,2
846,68,blue,2
1809,152,white,4
2250,137,green,4
1185,86,red,2
1343,81,blue,2
1686,52,white,4
1795,71,white,2
2010,96,green,4
1546,143,black,4
2244,51,green,4
1814,67,white,4
2479,58,green,4
2427,96,red,4
2289,88,blue,4
1036,164,yellow,2
1393,89,yellow,4
2276,61,blue,4
867,139,red,2
1603,128,white,2
1599,78,white,4
1744,172,white,4
1225,90,blue,2
1523,163,red,4
1886,179,blue,4
1622,168,yellow,2
1905,50,black,4
2048,167,green,4
1077,69,green,2
911,135,black,2
1874,157,yellow,4
847,93,green,2
1087,115,yellow,2
1149,70,red,2
1025,130,white,2
1657,136,blue,4
2017,155,yellow,4
2083,150,red,4
1138,50,green,2
2193,58,black,4
1626,57,yellow,2
939,115,green,2
1384,68,yellow,2
1921,124,blue,4
2251,64,blue,4
2060,122,blue,4
1909,142,white,4
857,75,yellow,2
976,165,yellow,2
829,83,yellow,2
1886,123,black,4
2229,116,black,4
1825,94,yellow,4
1252,159,red,2
1122,103,white,2
1217,160,white,4
1705,112,yellow,2
893,146,green,2
1820,143,white,4
1634,117,blue,2
2172,174,black,4
1566,112,red,4
1904,61,blue,4
2157,123,red,4
871,116,yellow,2
1090,98,green,2
1856,136,blue,4
1931,69,yellow,4
885,86,black,2
1837,106,black,4
2057,165,red,4
1036,116,black,2
2192,97,green,4
1885,96,yellow,4
1986,99,blue,4
2326,126,white,4
1495,84,green,4
905,125,blue,2
2447,119,white,4
2069,131,green,4
2122,174,green,4
2439,180,black,4
1453,88,red,4
1148,69,blue,2
1221,109,blue,4
2053,115,yellow,4
1520,132,black,2
2360,137,black,4
818,56,yellow,2
1577,119,white,2
2087,132,red,4
2472,147,red,4
2270,80,yellow,4
1819,148,red,4
1837,79,red,4
1624,156,white,2
1222,127,black,2
1911,156,white,4
1428,122,blue,4
2146,164,blue,4
2381,166,white,4
2169,71,red,4
1592,94,red,2
991,159,red,2
2156,144,blue,4
1808,106,red,4
1716,174,blue,2
2057,163,blue,4
2121,97,blue,4
1422,148,red,4
1905,146,green,4
1188,118,red,2
1860,176,blue,4
1809,115,blue,4
1443,91,blue,4
1017,91,green,2
1568,159,yellow,4
2101,164,yellow,4
1675,154,green,2
2243,141,blue,4
997,104,red,2
1234,152,red,2
2318,124,white,4
2464,111,green,4
1160,145,white,2
1044,105,red,2
989,68,green,2
1962,75,yellow,4
2345,115,red,4
1429,114,red,2
1892,96,red,4
2340,118,blue,4
2255,172,white,4
1188,60,blue,2
1774,109,yellow,4
2295,141,black,4
1497,122,black,4
917,111,red,2
1486,56,black,2
2239,98,black,4
2391,161,green,4
834,163,green,2
2211,148,green,4
1055,110,green,2
2055,80,white,4
1971,143,white,4
1238,174,yellow,4
1067,128,yellow,2
882,117,white,2
1502,128,blue,4
2457,108,green,4
2174,76,blue,4
2190,154,blue,4
1736,84,blue,4
1242,172,black,2
1008,69,white,2
895,64,black,2
1606,74,red,2
2137,155,black,4
1744,85,blue,4
2303,64,blue,4
1463,76,red,2
998,144,white,2
1112,152,white,2
2186,87,white,4
2232,135,yellow,4
916,126,white,2
2234,177,white,4
1642,125,green,4
1402,114,red,4
1763,147,red,2
1744,95,green,4
2329,176,red,4
1651,141,white,4
1701,99,black,2
1775,119,blue,2
2448,76,yellow,4
1415,147,yellow,4
1116,120,black,2
1126,104,white,2
1684,85,red,4
2218,125,black,4
2285,59,green,4
2099,130,yellow,4
2135,159,red,4
885,57,blue,2
1289,68,white,4
2128,103,black,4
831,130,black,2
2284,130,green,4
2266,151,black,4
1697,180,red,2
2443,176,yellow,4
1977,175,blue,4
1225,95,blue,4
2030,67,black,4
1362,112,red,4
833,91,white,2
2417,119,white,4
1255,121,yellow,4
1985,122,white,4
2210,164,green,4
1257,62,yellow,2
1675,144,red,4
2356,167,green,4
1802,120,green,4
1857,121,red,4
2070,107,black,4
1411,93,green,2
1785,55,red,4
1769,147,green,2
836,121,green,2
924,156,green,2
953,99,black,2
1436,107,black,4
2385,82,red,4
1514,135,white,4
1092,146,green,2
1644,121,white,2
2429,107,green,4
977,170,red,2
1375,102,yellow,4
1007,135,yellow,2
1143,123,red,2
1581,127,yellow,4
1252,66,blue,2
2184,102,yellow,4
1878,120,white,4
2264,50,red,4
2021,157,white,4
1656,78,black,4
2320,60,black,4
1474,83,blue,4
2026,179,white,4
1670,65,green,2
1488,94,yellow,4
2398,138,yellow,4
1100,174,black,2
1915,135,red,4
1131,160,red,2
2443,61,yellow,4
2011,140,yellow,4
2082,73,blue,4
2125,179,white,4
1054,60,blue,2
1066,62,green,2
1298,91,black,2
1579,59,black,2
1847,163,green,4
1592,175,green,2
1669,153,blue,2
906,61,green,2
1788,127,blue,4
949,123,green,2
1489,139,green,4
1548,80,black,2
2500,106,black,4
2111,59,green,4
1189,157,green,2
1317,88,black,4
1178,172,green,2
1995,169,yellow,4
2460,113,blue,4
1811,132,white,4
2001,154,red,4
1924,118,yellow,4
1821,87,yellow,4
1350,57,red,2
1102,86,black,2
1002,103,red,2
1260,96,yellow,4
1621,113,green,4
1308,72,yellow,4
1206,120,black,4
1287,150,red,2
1598,139,red,4
2190,135,black,4
1476,106,white,4
2269,133,red,4
2269,87,green,4
1848,66,blue,4
1079,80,black,2
1919,63,green,4
2356,56,yellow,4
1595,107,white,2
1948,132,black,4
1116,170,yellow,2
1616,81,red,2
2103,120,yellow,4
1252,180,yellow,2
2194,99,green,4
1902,117,white,4
1169,142,red,2
1345,104,black,2
863,70,blue,2
1824,98,black,4
2298,67,yellow,4
2379,157,blue,4
857,177,green,2
1653,172,black,2
2311,92,red,4
859,130,blue,2
1716,130,white,4
2233,150,green,4
2443,108,white,4
2395,95,yellow,4
1561,144,blue,2
1683,177,green,2
1920,141,black,4
1345,130,yellow,2
1439,65,black,4
1709,128,white,4
2488,85,red,4
1066,94,green,2
2413,125,red,4
1683,179,blue,2
896,88,black,2
843,173,white,2
1339,54,green,4
894,68,green,2
1075,86,green,2
1827,128,white,4
1629,59,black,2
2043,180,blue,4
1513,127,red,4
862,161,yellow,2
1433,118,green,2
1406,166,yellow,4
804,91,black,2
1151,145,blue,2
1645,141,black,4
2077,125,black,4
1653,131,yellow,2
886,56,blue,2
1894,166,blue,4
968,145,white,2
1632,95,white,4
1390,134,blue,2
1515,79,red,2
2192,66,green,4
901,173,yellow,2
1819,156,yellow,4
1171,148,red,2
1654,92,black,2
2131,152,green,4
1418,70,white,4
2394,167,red,4
899,57,green,2
1379,114,white,4
908,165,blue,2
2037,157,red,4
1868,99,black,4
1086,174,blue,2
2263,52,white,4
1823,152,white,4
2352,51,yellow,4
2364,105,red,4
2214,102,yellow,4
2449,50,white,4
928,129,white,2
1953,54,red,4
1747,101,yellow,4
1252,88,red,4
1494,140,blue,4
2350,59,blue,4
1554,150,white,2
2276,128,white,4
1212,87,yellow,4
1489,168,green,2
1249,163,red,2
1446,132,white,2
1294,173,white,2
1860,67,red,4
1935,104,green,4
2392,154,white,4
1297,116,blue,2
2482,85,blue,4
2004,120,white,4
1106,99,white,2
825,81,red,2
1979,154,blue,4
2238,161,blue,4
895,171,white,2
1441,101,black,2
1870,98,black,4
922,113,green,2
1130,133,black,2
2003,158,blue,4
1711,169,white,4
1697,124,white,2
828,94,green,2
2440,152,yellow,4
972,135,black,2
906,138,green,2
1999,109,blue,4
911,165,red,2
922,149,white,2
2226,91,white,4
1214,134,blue,4
1728,63,yellow,4
1727,64,green,4
1078,95,red,2
2160,100,black,4
1696,59,black,2
1058,131,white,2
2025,119,red,4
1016,72,white,2
1659,118,blue,2
1006,148,green,2
1051,163,black,2
1765,166,green,2
1481,108,white,2
1199,80,black,2
870,92,white,2
1279,52,black,4
1873,59,red,4
1628,99,white,4
1522,113,red,2
1115,117,white,2
1633,134,black,2
912,74,yellow,2
2338,113,white,4
1648,162,blue,2
1032,116,white,2
1342,142,white,4
1137,67,black,2
1874,134,black,4
2117,99,yellow,4
1323,57,red,4
1761,58,red,2
1842,174,yellow,4
2070,173,green,4
1295,147,blue,4
1113,60,blue,2
2158,76,red,4
1824,97,red,4
1909,146,blue,4
1951,127,white,4
1884,50,red,4
2132,166,white,4
863,102,black,2
865,95,white,2
1077,167,green,2
2371,158,red,4
1096,141,yellow,2
1143,147,red,2
2446,163,black,4
2164,166,red,4
1089,156,black,2
961,85,red,2
1756,105,blue,4
1069,180,black,2
1401,173,white,4
1134,121,yellow,2
2052,127,blue,4
1448,148,black,2
1213,102,black,4
1770,176,white,4
2414,102,blue,4
2219,143,yellow,4
997,54,black,2
1848,59,red,4
1885,145,black,4
1554,150,red,4
2470,71,red,4
2047,129,red,4
1388,168,blue,2
962,54,blue,2
1714,158,white,2
858,99,white,2
1895,84,yellow,4
1957,102,yellow,4
1459,104,black,2
1562,134,black,2
1286,169,white,4
1519,69,yellow,4
987,112,black,2
1898,143,black,4
2480,52,blue,4
2366,103,blue,4
2483,126,black,4
2365,158,green,4
1674,73,green,4
1744,146,black,2
1487,57,black,4
2091,144,blue,4
2193,79,green,4
2123,103,green,4
2477,176,red,4
1549,108,red,4
1819,152,yellow,4
2367,129,white,4
2390,107,blue,4
1356,150,green,4
2247,60,green,4
1082,156,blue,2
2500,161,yellow,4
1334,165,white,2
1781,151,black,2
2226,112,black,4
1271,55,white,2
1253,81,white,2
1174,162,red,2
1205,132,black,4
2150,62,green,4
1009,179,black,2
1868,58,red,4
2438,173,black,4
1600,75,white,2
2409,63,yellow,4
1302,165,green,2
2408,75,black,4
2343,119,white,4
2019,112,green,4
2041,174,blue,4
2436,61,blue,4
2246,109,white,4
1192,66,black,2
2124,64,black,4
2230,103,white,4
1266,51,blue,4
2319,146,yellow,4
1424,141,white,4
1360,105,yellow,2
1402,96,yellow,2
1501,125,blue,4
856,125,red,2
1892,77,yellow,4
2109,76,yellow,4
1797,135,yellow,4
1733,64,blue,4
2269,176,blue,4
2308,93,black,4
1298,135,green,2
1514,52,black,2
1445,116,green,4
1644,121,black,4
914,100,green,2
1869,85,yellow,4
2444,59,blue,4
2425,65,green,4
1157,61,blue,2
1728,101,white,2
2098,142,black,4
2055,68,blue,4
1092,105,blue,2
1162,92,white,2
1933,168,red,4
1936,153,green,4
1122,124,red,2
1830,62,green,4
2494,155,green,4
1812,70,blue,4
1202,79,red,4
1076,114,black,2
1727,132,white,4
2093,107,blue,4
1656,115,white,2
883,171,white,2
2435,55,green,4
1449,52,white,2
1814,129,white,4
1273,151,blue,2
1730,55,white,4
1173,65,white,2
1061,104,yellow,2
2280,162,yellow,4
2036,97,blue,4
1764,72,green,2
1381,124,black,2
1924,177,black,4
2122,110,white,4
2052,124,white,4
2027,170,blue,4
2136,133,yellow,4
2037,145,green,4
1909,163,blue,4
2197,62,blue,4
2251,85,blue,4
2402,173,yellow,4
2500,92,white,4
1536,154,yellow,4
1263,71,blue,2
2098,152,black,4
2293,56,white,4
2447,76,green,4
2171,179,yellow,4
1790,100,yellow,2
938,153,yellow,2
2411,73,green,4
1809,135,blue,4
1625,74,white,2
1871,66,black,4
1792,95,red,2
995,63,black,2
1109,125,blue,2
1498,85,yellow,4
1499,139,blue,2
2268,134,green,4
1733,62,blue,4
1537,86,white,4
1891,128,yellow,4
2183,86,blue,4
1044,163,black,2
1147,154,yellow,2
2201,56,green,4
1648,148,red,2
1002,175,red,2
2388,90,red,4
1351,150,black,2
1682,60,yellow,4
1515,82,green,4
1067,129,black,2
2224,174,red,4
2393,175,black,4
1732,178,yellow,2
1039,177,white,2
1150,87,black,2
2356,98,white,4
1526,83,blue,2
1882,118,black,4
1901,110,blue,4
956,113,red,2
2086,160,green,4
2332,171,white,4
1441,79,blue,4
2474,97,yellow,4
996,115,black,2
2065,89,black,4
1320,145,blue,4
1920,137,red,4
1864,87,yellow,4
1239,59,yellow,4
2252,50,green,4
1661,54,white,2
1999,70,white,4
1747,52,black,2
1144,83,black,2
2266,145,black,4
975,69,yellow,2
2347,72,blue,4
2386,130,blue,4
931,93,yellow,2
2180,64,blue,4
882,133,red,2
1240,132,black,2
1305,66,yellow,2
2495,168,black,4
2342,137,black,4
2177,112,blue,4
2061,152,green,4
2484,171,red,4
1280,160,white,4
1119,160,white,2
1046,103,blue,2
947,165,black,2
1374,147,blue,4
1572,119,white,4
1056,157,black,2
1702,118,yellow,4
1136,73,white,2
1041,164,blue,2
1075,67,blue,2
1544,91,yellow,4
2478,86,green,4
854,57,red,2
901,147,green,2
1151,113,black,2
1407,69,yellow,2
977,159,green,2
1160,116,white,2
1326,76,green,4
1747,158,yellow,2
1490,117,black,2
1122,136,black,2
2222,119,green,4
2448,131,blue,4
1233,96,white,2
985,130,green,2
1231,157,black,2
2357,101,red,4
2303,124,green,4
1722,151,green,2
2079,63,blue,4
1397,135,blue,2
1115,149,white,2
1151,122,blue,2
2201,116,red,4
2108,133,white,4
2059,160,red,4
2376,132,red,4
1483,118,green,2
2042,86,yellow,4
1039,70,black,2
898,78,white,2
1213,151,green,2
2480,60,white,4
2461,76,white,4
1555,118,green,2
2348,108,green,4
1142,93,green,2
2026,58,green,4
1355,73,red,4
1839,93,green,4
1818,122,blue,4
2418,77,blue,4
945,96,black,2
1607,62,yellow,2
1792,119,yellow,4
1073,141,white,2
2348,151,blue,4
1288,167,black,2
1772,126,red,4
2139,96,black,4
1674,114,blue,2
1156,141,yellow,2
1772,133,yellow,2
1047,135,black,2
1197,86,red,2
942,162,green,2
1636,82,yellow,4
1934,51,white,4
1619,139,red,4
1797,101,black,2
2188,59,white,4
2077,150,blue,4
955,140,yellow,2
1664,75,green,4
1894,122,red,4
1739,120,blue,4
1715,76,red,2
1469,118,red,4
1959,125,white,4
1858,90,black,4
1753,161,white,4
2063,177,black,4
1887,171,black,4
1554,79,black,2
1144,144,red,2
1307,161,red,2
1903,128,red,4
2217,69,red,4
2080,99,red,4
2329,79,blue,4
1549,146,white,2
1852,173,red,4
1738,158,yellow,2
1669,108,red,2
2128,116,green,4
1927,166,yellow,4
1433,58,green,2
1534,106,white,2
1892,103,yellow,4
1230,139,yellow,2
2113,102,yellow,4
1361,125,green,4
1106,122,black,2
2127,148,black,4
1155,89,green,2
2470,143,white,4
1506,164,red,2
1471,58,red,2
1045,112,yellow,2
2315,85,yellow,4
1971,90,yellow,4
2334,61,black,4
2228,150,red,4
864,150,green,2
945,149,white,2
2478,171,green,4
1597,94,red,4
1146,83,yellow,2
1836,90,black,4
1322,165,yellow,2
1477,79,black,2
2194,170,green,4
1561,54,green,4
1990,93,white,4
2494,133,black,4
1305,113,black,4
1113,113,red,2
1346,115,yellow,2
2210,100,black,4
1642,66,red,2
891,54,black,2
2377,111,yellow,4
2434,98,black,4
1431,82,yellow,4
1628,115,white,4
982,103,blue,2
1766,56,yellow,4
951,172,red,2
2416,74,blue,4
2258,129,black,4
1113,115,red,2
1185,121,white,2
1285,100,white,2
2251,58,green,4
978,101,black,2
1228,170,green,4
2119,156,yellow,4
1028,126,red,2
2482,163,white,4
1700,139,green,4
841,159,black,2
2456,157,blue,4
1745,105,black,4
1804,50,red,4
1030,125,yellow,2
1210,143,green,2
2035,133,green,4
1388,143,blue,2
847,161,white,2
1554,163,white,2
868,106,black,2
1291,86,green,2
1777,78,red,4
1131,103,green,2
1746,125,red,2
1389,88,blue,2
2468,50,blue,4
1671,77,red,2
1815,136,blue,4
1668,88,red,4
1234,102,green,2
2150,126,green,4
966,67,black,2
1560,109,blue,2
1065,75,red,2
1389,79,blue,4
1669,133,red,2
1054,170,yellow,2
2132,169,black,4
944,80,yellow,2
1761,135,white,4
945,65,blue,2
1931,99,white,4
1213,179,green,4
1585,68,blue,2
2183,117,yellow,4
2165,92,black,4
1871,119,black,4
2292,80,blue,4
857,137,white,2
1255,157,green,4
1983,106,yellow,4
1053,180,blue,2
2035,117,green,4
2031,93,black,4
2112,178,red,4
1144,94,yellow,2
2286,91,red,4
1894,90,white,4
807,165,yellow,2
2147,110,white,4
1337,160,white,2
1959,132,blue,4
1489,155,blue,2
2381,118,red,4
845,71,red,2
917,111,yellow,2
1330,131,yellow,4
1493,165,blue,2
1049,116,black,2
2308,126,blue,4
2488,120,blue,4
1507,174,red,2
1432,179,white,2
1945,152,green,4
1933,70,white,4
1719,52,yellow,2
1195,84,yellow,2
936,91,green,2
1571,160,yellow,4
1766,173,black,2
1294,71,yellow,2
1822,77,white,4
1026,70,blue,2
926,135,white,2
1203,128,black,4
976,154,black,2
1769,111,blue,4
1502,84,green,2
1853,130,black,4
1341,77,yellow,2
1316,120,black,2
1844,55,red,4
1891,142,black,4
1814,50,red,4
1846,101,red,4
1806,114,blue,4
1489,175,blue,2
2449,166,blue,4
1648,164,blue,2
2090,54,white,4
825,106,white,2
2172,158,white,4
809,110,red,2
1853,109,yellow,4
1679,75,yellow,2
2375,122,green,4
1607,109,red,2
2367,100,white,4
900,77,green,2
2371,147,black,4
1090,71,blue,2
1679,156,red,4
1446,74,blue,2
1760,124,red,4
1584,158,blue,2
1002,108,white,2
1629,111,black,4
1602,117,green,2
1143,177,black,2
1932,108,white,4
2105,69,red,4
1030,122,black,2
1370,157,green,2
1271,113,yellow,4
1703,84,yellow,4
1162,176,white,2
1187,50,green,2
2425,122,red,4
1388,173,white,4
1417,124,red,4
1471,92,white,2
828,54,blue,2
1988,130,yellow,4
1080,104,yellow,2
1558,83,red,2
2019,135,white,4
2012,126,red,4
1245,106,white,4
1495,95,white,4
1633,169,yellow,2
2019,139,blue,4
2017,121,green,4
1310,52,red,4
1374,63,yellow,4
2467,55,black,4
1834,58,black,4
1031,163,white,2
982,154,white,2
1755,163,green,4
1878,68,black,4
1382,118,blue,4
1142,67,yellow,2
1140,134,blue,2
1380,138,black,4
805,123,yellow,2
1756,122,white,2
2486,129,blue,4
2480,57,white,4
1582,147,white,2
824,134,yellow,2
1469,75,white,2
1173,154,yellow,2
1302,128,yellow,2
1420,95,green,2
961,140,green,2
2035,118,black,4
2207,176,green,4
1488,146,white,4
1884,90,black,4
1155,131,black,2
1979,122,black,4
1197,160,blue,2
2191,96,green,4
2371,53,white,4
1867,95,blue,4
1398,115,yellow,4
979,116,white,2
1061,86,yellow,2
1443,54,white,4
2061,113,black,4
1223,173,white,2
810,86,green,2
1431,137,green,4
1532,124,green,2
1787,117,white,4
1820,119,blue,4
1064,118,red,2
2195,64,yellow,4
854,149,red,2
2354,51,blue,4
1495,180,black,2
2405,55,yellow,4
2118,171,yellow,4
1632,91,white,2
1008,165,white,2
2201,152,red,4
2001,58,white,4
2430,110,yellow,4
960,116,black,2
1792,142,blue,4
1368,121,blue,2
1150,63,black,2
2005,116,red,4
2340,105,red,4
1008,96,red,2
2017,117,black,4
2373,157,white,4
944,147,blue,2
1578,98,black,4
2198,143,black,4
1949,71,yellow,4
2423,141,yellow,4
1256,179,black,2
1839,159,red,4
1407,82,white,2
2186,107,green,4
2135,161,yellow,4
1278,171,white,2
1188,82,green,2
1679,73,yellow,2
1024,112,black,2
1458,98,yellow,2
1424,114,black,4
2462,138,red,4
1882,86,yellow,4
1959,82,white,4
1144,148,black,2
2303,130,green,4
1583,111,blue,2
1191,179,red,2
1864,99,white,4
1203,101,white,2
2206,95,red,4
2424,156,blue,4
1234,86,yellow,2
1256,105,blue,4
1768,65,yellow,2
2172,69,blue,4
1558,99,white,2
2390,122,blue,4
1639,129,red,4
1040,102,blue,2
1558,126,yellow,4
1088,87,yellow,2
1414,57,white,4
1837,95,yellow,4
916,88,blue,2
1432,161,black,4
1528,176,black,2
1074,108,blue,2
2338,180,white,4
1154,134,green,2
1812,67,blue,4
852,154,white,2
1558,99,green,4
1080,110,yellow,2
1585,70,blue,4
1066,88,yellow,2
1870,151,black,4
2078,163,blue,4
1184,160,yellow,2
1142,170,green,2
863,112,yellow,2
1510,112,green,4
1513,131,blue,2
1311,103,blue,4
1164,174,green,2
1061,98,red,2
1089,74,black,2
811,145,blue,2
1862,95,black,4
1253,155,yellow,4
999,148,green,2
1234,111,green,2
2208,106,yellow,4
1508,130,black,4
817,155,white,2
2156,179,blue,4
1120,176,yellow,2
1602,144,black,2
936,105,blue,2
809,85,white,2
1795,166,yellow,2
2269,165,blue,4
1147,121,red,2
983,165,red,2
1492,101,red,2
850,130,yellow,2
1451,124,red,4
2391,134,blue,4
1572,62,blue,4
2461,111,black,4
1028,119,white,2
1496,116,red,4
2312,138,yellow,4
807,134,black,2
2191,171,green,4
1093,87,red,2
2441,168,red,4
2048,60,yellow,4
808,161,yellow,2
1612,91,white,2
2183,53,blue,4
981,89,white,2
2290,101,green,4
1942,53,black,4
891,115,blue,2
1450,129,white,2
2080,91,red,4
1527,144,yellow,4
1519,171,black,4
848,128,blue,2
2179,169,green,4
1543,163,yellow,4
2119,60,red,4
1965,67,black,4
1867,103,red,4
1142,158,blue,2
1176,97,green,2
1031,152,black,2
1893,142,white,4
2194,117,red,4
1961,171,blue,4
2418,103,black,4
1974,87,white,4
1116,67,black,2
1073,131,blue,2
1716,56,blue,4
1049,102,green,2
1497,100,black,2
1387,158,white,4
1006,113,white,2
2159,106,yellow,4
2345,145,blue,4
2121,134,blue,4
1337,135,blue,4
1341,177,blue,2
2101,135,red,4
973,157,red,2
2330,172,white,4
1271,159,green,2
1273,177,black,4
1593,82,red,2
2365,141,blue,4
1099,127,white,2
1943,132,red,4
1639,150,blue,4
1046,70,black,2
1420,167,yellow,4
2014,81,yellow,4
2355,131,yellow,4
850,73,blue,2
1316,120,blue,4
1033,61,red,2
1781,86,blue,4
2229,117,green,4
2253,54,yellow,4
1231,115,blue,2
2202,98,white,4
1963,167,white,4
1118,155,white,2
1278,123,red,2
2182,109,blue,4
1425,130,blue,2
1140,127,red,2
2127,142,blue,4
1752,57,white,4
2038,128,green,4
2289,82,white,4
2085,149,black,4
990,83,black,2
1407,139,blue,4
2383,141,yellow,4
1952,75,black,4
1976,50,white,4
1968,84,blue,4
852,139,black,2
1267,108,white,2
1338,76,blue,4
1001,84,white,2
1503,102,black,4
1960,129,green,4
1174,138,blue,2
1288,60,green,4
2402,52,green,4
2419,59,green,4
1800,164,yellow,2
2355,105,yellow,4
1031,105,white,2
943,94,red,2
1810,120,yellow,4
1281,131,green,4
1837,128,black,4
2248,119,red,4
2084,53,black,4
800,107,yellow,2
1481,137,green,4
1682,56,black,2
1132,132,yellow,2
1884,135,green,4
2398,50,yellow,4
1902,168,green,4
1958,111,black,4
1369,139,yellow,2
2341,55,black,4
1313,95,black,2
1662,106,red,4
2302,79,red,4
1178,111,white,2
1443,113,red,4
1463,114,red,4
1299,129,blue,2
1185,170,blue,2
1943,73,white,4
2273,170,blue,4
1126,70,blue,2
1191,118,yellow,2
1873,58,blue,4
1961,92,blue,4
1301,139,blue,2
1426,74,red,2
878,78,black,2
1846,52,white,4
2447,109,blue,4
1155,60,green,2
2333,97,black,4
1222,136,yellow,4
857,180,yellow,2
1482,121,red,4
1007,131,black,2
1513,58,blue,4
2080,61,blue,4
1466,63,blue,2
2276,98,blue,4
2074,109,yellow,4
1351,178,blue,2
1236,154,green,4
2304,80,black,4
935,88,blue,2
1789,162,green,4
928,83,red,2
1650,114,green,2
1990,69,white,4
1572,152,blue,4
2459,67,blue,4
2377,174,blue,4
903,167,yellow,2
1501,50,green,2
1318,65,blue,4
2062,148,red,4
1639,62,red,4
2174,160,blue,4
1491,80,blue,2
1432,64,white,2
979,82,black,2
1478,170,blue,2
1051,52,red,2
1630,156,blue,2
1465,69,red,4
1940,67,black,4
988,160,white,2
1651,148,white,2
1929,91,blue,4
2017,109,green,4
1972,87,yellow,4
2132,63,red,4
1819,71,white,4
2410,118,blue,4
1350,134,black,2
820,99,blue,2
936,142,red,2
2142,149,black,4
2368,125,green,4
1389,116,yellow,4
1083,76,white,2
1035,104,yellow,2
1941,164,red,4
1762,135,red,4
1174,89,white,2
2274,113,blue,4
1022,90,white,2
1566,154,blue,4
1935,81,black,4
2432,54,red,4
2242,60,blue,4
1179,84,red,2
1485,180,white,2
2395,99,green,4
873,57,red,2
1919,168,green,4
1199,159,red,2
1179,124,red,2
2464,78,red,4
2113,153,yellow,4
1109,90,black,2
2105,153,red,4
1412,105,green,2
1343,147,green,2
1275,130,green,2
806,106,yellow,2
1430,95,blue,2
901,73,black,2
2332,119,red,4
2096,62,white,4
2172,129,red,4
2153,58,green,4
2409,124,black,4
2099,126,yellow,4
2420,90,blue,4
2254,169,green,4
1774,70,yellow,2
1757,110,black,4
1877,86,green,4
1673,160,blue,2
1259,79,blue,4
1742,80,yellow,2
1488,96,black,2
2007,164,white,4
1396,87,red,4
1591,106,red,2
905,124,green,2
2085,54,blue,4
2418,75,blue,4
2159,64,blue,4
1481,124,green,2
1706,124,green,4
2054,116,white,4
2080,128,black,4
911,142,black,2
1002,172,yellow,2
1897,144,red,4
1296,169,red,2
1527,160,yellow,2
2286,71,blue,4
2086,157,red,4
1037,167,white,2
1343,56,black,4
1461,119,red,4
1746,69,white,2
1715,169,green,2
2106,141,green,4
2402,55,blue,4
2144,70,red,4
1497,112,red,4
916,86,green,2
2419,72,blue,4
1811,104,black,4
1301,151,green,4
1327,124,yellow,4
1135,72,blue,2
1212,137,white,4
2340,83,green,4
1466,69,white,2
1974,160,green,4
2358,170,red,4
2129,128,red,4
2394,127,green,4
2449,60,green,4
1248,169,yellow,2
2257,116,red,4
1802,122,yellow,4
1747,117,red,2
1880,163,black,4
952,113,green,2
856,70,red,2
1198,106,white,2
858,139,red,2
1675,71,red,2
2417,155,green,4
1776,104,black,4
2236,56,green,4
998,101,yellow,2
1246,95,green,2
859,142,black,2
2272,149,white,4
1059,61,yellow,2
1649,55,yellow,4
1068,151,red,2
1868,56,black,4
2048,63,blue,4
1912,161,green,4
2172,171,green,4
1002,83,black,2
1008,76,blue,2
2433,119,black,4
2205,60,black,4
1213,73,white,4
1359,74,black,2
1050,51,red,2
1977,62,green,4
2200,110,red,4
2380,176,white,4
1116,70,black,2
1296,150,red,2
2421,114,red,4
1299,127,yellow,4
1389,64,green,4
1802,145,black,4
1338,79,black,2
1063,58,green,2
2407,103,white,4
2064,132,blue,4
1635,134,green,4
1568,106,white,2
2319,112,green,4
801,167,blue,2
1614,53,blue,2
1373,167,blue,4
2092,117,yellow,4
2117,84,red,4
1366,57,yellow,4
1907,122,red,4
1204,79,black,4
2057,164,red,4
1100,153,green,2
988,83,black,2
1359,73,yellow,2
821,63,yellow,2
1631,157,blue,2
2410,123,green,4
2116,102,blue,4
2419,142,white,4
2437,151,green,4
1558,157,green,2
2495,69,red,4
1729,67,yellow,2
1775,144,black,2
1513,179,white,2
2497,92,green,4
1818,151,blue,4
826,98,white,2
1116,109,yellow,2
944,59,blue,2
2247,137,black,4
1461,103,black,4
1557,79,green,4
2365,133,yellow,4
2480,168,yellow,4
1513,160,green,2
1545,113,red,2
1270,100,yellow,2
1113,87,yellow,2
1691,92,red,2
1493,142,blue,2
1258,160,red,2
1814,121,white,4
1464,152,red,2
2489,161,white,4
1062,117,blue,2
837,131,red,2
1642,73,yellow,4
2273,110,blue,4
2422,163,blue,4
1942,158,white,4
1627,67,yellow,2
2190,116,white,4
1262,171,red,4
2423,140,white,4
2301,70,black,4
1740,173,red,4
1565,67,green,4
1296,101,blue,2
1028,97,black,2
1482,112,yellow,4
1462,116,red,4
1858,162,white,4
1707,160,black,4
1739,151,yellow,4
955,124,black,2
1309,180,red,4
1315,77,green,2
1131,179,red,2
1239,61,red,4
1410,74,blue,4
2139,168,yellow,4
1461,154,red,4
1366,83,red,4
2093,94,red,4
1019,154,red,2
1475,108,blue,2
2438,99,yellow,4
2162,177,blue,4
2297,129,green,4
1132,93,red,2
2320,76,blue,4
1740,129,white,4
1515,151,yellow,4
1082,89,yellow,2
1748,122,yellow,2
1802,102,yellow,4
1945,88,white,4
2480,96,blue,4
2222,126,white,4
1801,64,yellow,4
2496,176,black,4
2058,150,green,4
1137,85,black,2
1385,159,white,2
1276,68,blue,2
1285,51,yellow,4
1978,78,green,4
1519,112,white,2
963,133,red,2
2425,130,yellow,4
2332,84,red,4
1297,152,green,2
800,126,green,2
871,138,yellow,2
804,140,blue,2
2238,86,green,4
1774,77,red,2
1541,107,yellow,2
2237,165,green,4
1187,145,blue,2
1195,105,yellow,2
2058,155,black,4
2256,179,green,4
2176,157,red,4
970,126,black,2
1559,164,blue,2
1715,111,red,2
2356,59,green,4
2376,55,yellow,4
2500,91,yellow,4
1165,154,blue,2
836,70,green,2
2086,179,white,4
946,151,red,2
2291,51,red,4
2228,174,yellow,4
1163,108,yellow,2
1766,143,black,2
1315,100,yellow,2
1512,64,white,2
1177,159,yellow,2
1008,51,red,2
1946,52,green,4
863,56,white,2
2101,58,white,4
1225,135,black,2
1020,158,yellow,2
1045,157,yellow,2
1991,178,blue,4
2289,151,white,4
943,70,black,2
2472,69,red,4
802,177,white,2
1593,78,blue,2
836,168,green,2
1516,148,black,2
1118,127,yellow,2
1079,155,white,2
2149,52,red,4
982,178,blue,2
2280,107,red,4
1426,177,black,4
1276,164,green,4
892,157,green,2
993,136,black,2
1734,131,blue,2
1219,55,green,4
1911,153,black,4
1464,69,red,4
2461,141,red,4
1476,52,black,4
1947,129,yellow,4
1021,56,green,2
2388,66,yellow,4
1265,134,red,2
1001,102,blue,2
1418,110,white,4
2002,73,white,4
1869,138,black,4
2460,100,green,4
1656,91,black,2
1226,102,blue,2
1975,170,green,4
1591,85,white,2
1170,77,blue,2
1892,57,yellow,4
2447,70,green,4
1544,82,yellow,4
2219,74,blue,4
1625,86,blue,2
1283,165,blue,2
2281,72,white,4
1397,110,black,4
1876,142,green,4
2050,78,black,4
1632,135,green,2
1207,123,black,2
1574,79,blue,2
1981,123,blue,4
2381,73,black,4
1741,144,white,4
1518,119,white,4
2016,122,yellow,4
2085,167,green,4
883,179,yellow,2
1045,65,white,2
1198,133,green,2
1523,152,red,4
1139,147,yellow,2
2016,88,blue,4
1637,65,white,2
887,150,red,2
1983,80,green,4
934,147,white,2
1773,147,blue,4
1135,97,blue,2
1182,170,white,2
1873,156,red,4
1015,83,white,2
1788,102,red,2
2149,107,blue,4
2082,136,green,4
1741,100,yellow,4
2309,83,red,4
2363,136,yellow,4
1395,133,green,4
1623,137,blue,2
1758,168,red,2
1331,159,green,2
2280,151,yellow,4
1267,122,green,4
1601,103,red,2
1754,106,white,4
2190,70,black,4
826,163,white,2
1351,111,green,2
1569,50,black,4
2297,170,green,4
2443,68,blue,4
1138,131,white,2
2429,165,white,4
1586,82,white,4
1424,87,red,2
989,173,black,2
2383,108,yellow,4
1587,175,white,2
1622,157,yellow,4
2116,159,green,4
1808,86,white,4
1873,124,yellow,4
2187,100,black,4
990,146,white,2
870,76,black,2
1913,173,yellow,4
1797,162,red,4
2418,87,blue,4
1636,88,black,2
2475,60,black,4
1814,95,black,4
1581,68,black,2
1303,131,green,4
1252,141,blue,2
938,154,green,2
2407,93,green,4
906,87,blue,2
1565,80,green,4
1442,59,black,2
1355,81,yellow,2
1180,176,green,2
1950,88,black,4
1448,60,blue,2
2250,75,green,4
2063,149,red,4
2035,161,white,4
2153,130,green,4
1912,144,black,4
859,60,red,2
1258,136,red,2
1635,60,black,4
1491,69,blue,4
1696,144,red,2
1363,53,white,4
2295,130,white,4
852,151,black,2
1128,70,yellow,2
2006,178,green,4
1709,93,red,4
2216,173,yellow,4
1561,120,white,4
2299,52,blue,4
1518,94,red,2
851,93,black,2
832,178,green,2
2320,77,green,4
1087,161,blue,2
956,166,red,2
1769,125,red,2
1537,127,black,2
1434,67,black,2
914,73,red,2
1454,161,green,2
1142,94,blue,2
1341,171,yellow,2
2113,173,white,4
854,135,white,2
879,71,black,2
2102,128,black,4
1025,87,black,2
2060,102,yellow,4
1678,135,green,2
1734,145,blue,2
830,137,yellow,2
1881,167,green,4
2196,132,red,4
1318,148,black,4
1568,53,black,4
2414,57,blue,4
1614,73,black,4
2380,75,black,4
1968,137,green,4
2185,109,red,4
1854,50,black,4
2161,141,white,4
1135,120,black,2
1544,52,yellow,4
898,165,yellow,2
1910,76,white,4
2158,144,red,4
901,95,green,2
1271,73,yellow,4
1436,162,green,2
971,102,black,2
2184,51,green,4
934,180,yellow,2
1300,114,yellow,2
2070,153,black,4
1797,55,red,2
2205,149,red,4
1940,115,white,4
1274,175,black,2
1688,173,yellow,4
2465,143,white,4
1294,145,green,2
950,146,yellow,2
1196,61,yellow,2
1482,172,black,4
1179,126,green,2
1452,160,black,2
2456,132,green,4
859,151,blue,2
2118,141,black,4
2114,87,blue,4
1503,112,red,4
2049,54,yellow,4
1078,148,yellow,2
1338,106,white,2
2153,70,red,4
1335,62,blue,2
2442,119,red,4
2278,51,green,4
990,52,green,2
1198,166,green,2
1711,178,white,4
2188,127,blue,4
2059,51,red,4
2110,80,green,4
2237,179,red,4
922,81,red,2
1195,114,black,2
2455,58,red,4
1645,102,white,2
1064,76,green,2
1485,171,black,4
2090,68,green,4
2218,105,green,4
890,124,yellow,2
2245,79,green,4
1279,110,red,4
2190,115,blue,4
2188,131,green,4
1792,85,blue,2
1628,118,black,2
1847,62,red,4
862,54,black,2
2225,146,white,4
1706,78,white,2
2134,176,blue,4
2187,99,black,4
1430,55,green,4
963,110,blue,2
1314,166,black,4
1709,170,blue,2
1685,136,black,2
1679,110,red,4
1852,180,blue,4
968,172,white,2
1993,124,yellow,4
1155,74,green,2
2331,170,blue,4
1455,106,white,2
1637,97,yellow,4
1191,148,green,2
1396,164,red,4
1793,130,yellow,2
1483,159,black,4
1301,86,green,2
1758,60,yellow,2
1987,109,blue,4
1996,167,black,4
1268,157,white,2
946,63,blue,2
1458,80,red,4
867,70,white,2
2277,83,white,4
2008,158,blue,4
1302,158,white,2
1487,145,blue,2
2117,76,yellow,4
2131,163,red,4
2126,88,blue,4
2292,155,blue,4
1069,157,yellow,2
2070,167,black,4
1596,146,yellow,2
1236,52,blue,2
1139,102,green,2
1463,84,black,2
2490,146,red,4
1592,93,white,4
2204,64,green,4
2256,80,green,4
1676,136,blue,2
1228,105,yellow,2
1703,98,blue,4
2130,142,white,4
855,88,black,2
1946,151,white,4
2462,80,black,4
1752,177,blue,2
1783,91,red,4
1735,85,red,2
1218,173,red,2
2214,84,white,4
2094,152,blue,4
2100,100,white,4
881,80,blue,2
2263,121,red,4
2461,137,white,4
2403,67,red,4
1895,175,red,4
2373,112,white,4
2499,90,red,4
1030,112,yellow,2
1101,160,red,2
2213,132,green,4
1900,64,blue,4
2489,144,red,4
2004,137,blue,4
1402,109,white,4
1971,108,yellow,4
1097,127,white,2
1988,78,yellow,4
1595,110,red,4
2480,150,white,4
1020,118,green,2
2484,83,blue,4
1402,119,green,2
1919,109,red,4
1320,115,white,4
2320,57,black,4
2294,135,black,4
830,140,white,2
898,57,red,2
1933,127,white,4
2121,79,white,4
1984,64,green,4
2361,58,yellow,4
1941,123,blue,4
1346,130,white,2
1290,95,green,4
802,53,black,2
2421,165,yellow,4
2080,113,red,4
1019,101,green,2
2437,56,red,4
1280,145,yellow,2
1717,152,red,2
1294,65,black,4
1253,77,black,2
852,177,yellow,2
1573,76,black,2
1593,103,yellow,2
2183,123,red,4
2157,85,red,4
1364,125,white,4
2434,131,blue,4
1050,142,green,2
1556,93,yellow,2
1985,107,white,4
2118,59,green,4
1873,103,white,4
1906,117,white,4
1432,93,yellow,2
1876,167,green,4
1090,50,black,2
2016,146,yellow,4
1528,70,yellow,2
900,51,green,2
807,122,green,2
917,69,white,2
1050,118,white,2
1003,123,blue,2
889,114,white,2
1693,112,green,4
1335,167,black,4
1326,180,white,2
1912,134,white,4
2010,50,white,4
1566,125,yellow,4
1709,167,blue,4
1623,176,green,2
2483,122,red,4
1058,180,green,2
1728,111,yellow,2
1984,92,yellow,4
1898,153,blue,4
2205,149,blue,4
1862,109,yellow,4
842,69,red,2
1315,119,red,4
2256,50,black,4
2014,150,yellow,4
2194,70,blue,4
1866,113,green,4
2012,138,black,4
1705,101,black,4
2391,110,green,4
1716,74,black,4
1306,78,red,4
2062,166,green,4
1209,175,black,2
1351,93,green,4
1745,172,blue,2
995,64,yellow,2
1158,159,yellow,2
2010,118,white,4
1309,53,blue,2
1969,64,green,4
1499,123,yellow,4
1995,167,red,4
2378,147,red,4
1682,129,red,2
